product_title,Price,Review,Rating
"PrescriptSkin, Retinol Night Cream, 1.55 oz (44 g)",AU$22.95,965,4.5/5 - 965 Reviews
"PrescriptSkin, Vitamin C Moisturizer, Enhanced Brightening Lightweight Cream, 2.25 oz (64 g)",AU$14.35,1562,4.5/5 - 1562 Reviews
"PrescriptSkin, Stem Cell Cream, 2.25 oz (64 g)",AU$22.95,1167,4.5/5 - 1167 Reviews
"Sympli Beautiful, All Day Hydration Cream, 2 oz (57 g)",AU$19.13,1356,4.4/5 - 1356 Reviews
"Eucerin, Q10 Anti-Wrinkle Face Cream, 1.7 oz (48 g)",AU$16.45,20523,4.5/5 - 20523 Reviews
"Life-flo, Pure Rosehip Seed Oil, Skin Care, 1 oz (30 ml)",AU$14.33,40789,4.4/5 - 40789 Reviews
"Mason Natural, Collagen Premium Skin Cream, 2 oz (57 g)",AU$8.14,19908,4.5/5 - 19908 Reviews
"Now Foods, Solutions, Sweet Almond Oil, 16 fl oz (473 ml)",AU$15.56,48426,4.6/5 - 48426 Reviews
"Acure, The Essentials, Moroccan Argan Oil, 1 fl oz (30 ml)",AU$11.78,12928,4.5/5 - 12928 Reviews
"Queen Helene, Cocoa Butter Face + Body Creme, 4.8 oz (136 g)",AU$5.28,12629,4.4/5 - 12629 Reviews
"Life-flo, Retinol A 1%, Advanced Revitalization Cream, 1.7 oz (50 ml)",AU$27.47,7943,4.4/5 - 7943 Reviews
"Now Foods, Solutions, Sweet Almond Oil, 4 fl oz (118 ml)",AU$5.97,48426,4.6/5 - 48426 Reviews
"Cetaphil, Moisturizing Cream, Very Dry, Sensitive Skin, 3 oz  (85 g)",AU$11.51,3432,4.7/5 - 3432 Reviews
"Yeouth, Retinol Eye Cream, 1 fl oz (30 ml)",AU$30.20,5955,4.4/5 - 5955 Reviews
"Heritage Store, Rosewater & Glycerin, Hydrating Facial Mist, 8 fl oz (237 ml)",AU$17.36,13493,4.4/5 - 13493 Reviews
"Acure, Radically Rejuvenating, Rose Argan Oil, 1 fl oz (30 ml)",AU$11.78,3016,4.6/5 - 3016 Reviews
"St. Ives, Renewing Collagen & Elastin Moisturizer, 10 oz (283 g)",AU$12.78,5667,4.4/5 - 5667 Reviews
"Some By Mi, AHA. BHA. PHA 30 Days Miracle Cream, 60 g",AU$26.97,2410,4.5/5 - 2410 Reviews
"Sympli Beautiful, Soothing Caffeine Hyaluronic Acid Eye Gel, 1 oz (28 g)",AU$15.94,2883,4.5/5 - 2883 Reviews
"Eucerin, Redness Relief, Dermatological Skincare, Night Creme, 1.7 oz (48 g)",AU$22.79,2679,4.4/5 - 2679 Reviews
"Reviva Labs, Vitamin E Stick, 1/7 oz. (4.0 g)",AU$5.98,6080,4.2/5 - 6080 Reviews
"Advanced Clinicals, Hyaluronic Acid, Instant Skin Hydrator, 16 oz (454 g)",AU$17.45,1887,4.7/5 - 1887 Reviews
"Morningstar Minerals, Derma Boost, Rejuvenating Spray Mist, 8 fl oz",AU$19.11,3887,4.4/5 - 3887 Reviews
"Derma E, Hydrating Eye Cream with Hyaluronic Acid & Green Tea, 1/2 oz (14 g)",AU$24.69,3839,4.1/5 - 3839 Reviews
"Himalaya, Nourishing Skin Cream, For All Skin Types, 1.69 fl oz (50 ml)",AU$5.42,1820,4.4/5 - 1820 Reviews
"Heritage Store, Rosewater, Refreshing Facial Mist, 8 fl oz (237 ml)",AU$17.04,8152,4.5/5 - 8152 Reviews
"Planetary Herbals, Horse Chestnut Cream, 4 oz (113.4 g)",AU$16.07,1533,4.4/5 - 1533 Reviews
"Mild By Nature, Camellia Care, EGCG Green Tea Skin Cream, 1.7 fl oz (50 ml)",AU$17.53,9673,4.5/5 - 9673 Reviews
"Benton, Fermentation Essence, 100 ml",AU$24.95,1844,4.7/5 - 1844 Reviews
"Acure, Radically Rejuvenating, Eye Cream, 1 fl oz (30 ml)",AU$20.05,2470,4.3/5 - 2470 Reviews
"Derma E, Vitamin E 12,000 IU Creme, 4 oz (113 g)",AU$17.15,1700,4.5/5 - 1700 Reviews
"Mizon, All In One Snail Repair Cream,  2.53 fl oz (75 ml)",AU$26.94,3093,4.6/5 - 3093 Reviews
"Mizon, Snail Repair Eye Cream, 0.84 oz (25 ml)",AU$19.90,2353,4.4/5 - 2353 Reviews
"Mediheal, N.M.F Intensive Hydrating Cream, 1.6 fl oz (50 ml)",AU$19.62,1339,4.7/5 - 1339 Reviews
"Benton, Fermentation Eye Cream, 1.05 oz (30 g)",AU$27.10,2373,4.6/5 - 2373 Reviews
"Andalou Naturals, Renewal Cream, Probiotic + C, Brightening, 1.7 fl oz (50 ml)",AU$43.02,3456,4.7/5 - 3456 Reviews
"Trilogy, Certified Organic Rosehip Oil, 0.67 fl oz (20 ml)",AU$39.29,601,4.6/5 - 601 Reviews
"Cliganic, 100% Pure & Natural Argan Oil, 4 fl oz (120 ml)",AU$19.11,1488,4.7/5 - 1488 Reviews
"Sea el, Castor Lash & Brow, 1 oz (30 ml)",AU$16.54,1116,4.2/5 - 1116 Reviews
"Mizon, Collagen Power Lifting Cream, 2.53 oz (75 ml)",AU$23.77,1063,4.6/5 - 1063 Reviews
"Andalou Naturals, Night Repair Cream, Resveratrol Q10, Age-Defying, 1.7 oz (50 g)",AU$43.02,3102,4.5/5 - 3102 Reviews
"Acure, Brightening Day Cream, 1.7 fl oz (50 ml)",AU$20.05,2276,4.4/5 - 2276 Reviews
"Sympli Beautiful, Sympli Beautiful Trial Kit, 4 Piece Kit, 0.25 oz Each",AU$11.16,2053,4.5/5 - 2053 Reviews
"Heritage Store, Rosewater & Glycerin, Hydrating Facial Mist, 2 fl oz (59 ml)",AU$7.95,13493,4.4/5 - 13493 Reviews
"Bio-Oil, Skincare Oil, 2 fl oz (60 ml)",AU$18.33,5828,4.5/5 - 5828 Reviews
"Sierra Bees, Argan Balm with Cocoa & Shea Butters, 1 oz (28 g)",AU$6.38,4514,4.2/5 - 4514 Reviews
"Mason Natural, Collagen  Premium Skin Cream, Pear Scented, 4 oz (114 g)",AU$16.67,19908,4.5/5 - 19908 Reviews
"Cetaphil, Pro, Oil Absorbing Moisturizer, SPF 30, 4 fl oz (118 ml)",AU$37.25,1623,4.4/5 - 1623 Reviews
"Heritage Store, Rosewater & Glycerin, Hydrating Facial Mist, 4 fl oz (118 ml)",AU$12.74,13493,4.4/5 - 13493 Reviews
"Mizon, Collagen Power Firming Eye Cream, 0.84 oz (25 ml)",AU$23.41,2362,4.4/5 - 2362 Reviews
"Missha, Geum Sul Vitalizing Eye Cream, 30 ml",AU$39.79,404,4.7/5 - 404 Reviews
"L'Oreal, Collagen Moisture Filler, Day/Night Cream, 1.7 oz (48 g)",AU$22.14,402,4.5/5 - 402 Reviews
"Mad Hippie, Face Cream, 15 Actives, 1.0 fl oz (30 ml)",AU$29.56,1755,4.4/5 - 1755 Reviews
"Yeouth, Day/Night Cream, 4 fl oz (118 ml)",AU$36.58,1796,4.6/5 - 1796 Reviews
"Advanced Clinicals, Dark Spot, Therapeutic Cream, 8 fl oz (237 ml)",AU$14.34,924,4.2/5 - 924 Reviews
"Source Naturals, Skin Eternal Cream, 2 oz (56.7 g)",AU$22.69,4024,4.4/5 - 4024 Reviews
"Derma E, Acne Rebalancing Cream, Active Salicylic Acid , 2 oz (56 g)",AU$22.39,844,4.4/5 - 844 Reviews
"Sukin, Moisture Restoring Night Cream, 4.06 fl oz (120 ml)",AU$25.49,2642,4.6/5 - 2642 Reviews
"PrescriptSkin, Collagen Elastin Cream, 2.25 oz (64 g)",AU$28.69,1089,4.6/5 - 1089 Reviews
"Reviva Labs, 10% Glycolic Acid Cream, Anti-Aging, 2.0 oz (55 g)",AU$38.14,3062,4.4/5 - 3062 Reviews
"Cetaphil, Daily Oil-Free Hydrating Lotion, Fragrance Free, 3 fl oz (88 ml)",AU$28.16,641,4.6/5 - 641 Reviews
"Acure, Radically Rejuvenating, Whipped Night Cream, 1.7 fl oz (50 ml)",AU$23.59,848,4.5/5 - 848 Reviews
"Neutrogena, Hydro Boost, Body Gel Cream, 16 oz (453 g)",AU$16.90,730,4.7/5 - 730 Reviews
"Promotional Products, Natural Beauty Box, 6 Piece Kit",AU$20.32,2546,4.8/5 - 2546 Reviews
"Cetaphil, Daily Facial Moisturizer, SPF 15, 4 fl oz (118 ml)",AU$34.83,896,4.6/5 - 896 Reviews
"Mad Hippie, Eye Cream, 0.5 fl oz (15 ml)",AU$28.41,1325,4.3/5 - 1325 Reviews
"Badger Company, Organic, Beauty Balm, Damascus Rose, 1 oz (28 g)",AU$21.66,647,4.4/5 - 647 Reviews
"Medi-Peel, Premium Naite Thread Neck Cream, 3.38 fl oz (100 ml)",AU$36.52,412,4.8/5 - 412 Reviews
"Derma E, Vitamin C Intense Night Cream, 2 oz (56 g)",AU$24.37,588,4.4/5 - 588 Reviews
"Cetaphil, Redness Relieving, Night Moisturizer, 1.7 oz (50 g)",AU$27.26,668,4.6/5 - 668 Reviews
"Enough, Collagen, Moisture Essential Mist, 100 ml",AU$3.63,2014,4.6/5 - 2014 Reviews
"Pyunkang Yul, Intensive Repair Cream, 1.7 fl oz (50 ml)",AU$37.30,390,4.7/5 - 390 Reviews
"Andalou Naturals, Facial Lotion, Ultra Sheer Daily Defense, SPF 18, Age Defying, 2.7 fl oz (80 ml)",AU$25.49,612,4.6/5 - 612 Reviews
"Hero Cosmetics, Rescue Balm, Post Blemish Recovery Cream, 0.507 fl oz (15 ml)",AU$15.75,132,4.5/5 - 132 Reviews
"Morningstar Minerals, Derma Boost, Rejuvenating Spray Mist, 8 fl oz",AU$19.11,3887,4.4/5 - 3887 Reviews
"Acure, Ultra Hydrating, Facial Gel Cream, 1 fl oz (30 ml)",AU$23.59,45,3.7/5 - 45 Reviews
"Derma E, Vitamin C Intense Night Cream, 2 oz (56 g)",AU$24.37,588,4.4/5 - 588 Reviews
"L'Oreal, Collagen Moisture Filler, Day/Night Cream, 1.7 oz (48 g)",AU$22.14,402,4.5/5 - 402 Reviews
"Himalaya, Revitalizing Night Cream, 1.69 oz (50 ml)",AU$18.14,142,4.3/5 - 142 Reviews
"Planetary Herbals, Horse Chestnut Cream, 4 oz (113.4 g)",AU$16.07,1533,4.4/5 - 1533 Reviews
"InstaNatural, Collagen Day Cream, 1.7 fl oz (50 ml)",AU$31.83,93,4.7/5 - 93 Reviews
"Benton, Fermentation Essence, 100 ml",AU$24.95,1844,4.7/5 - 1844 Reviews
"Olay, Total Effects, 7-in-One Moisturizer with Sunscreen, SPF 30, 1.7 fl oz (50 ml)",AU$41.70,125,4.6/5 - 125 Reviews
"Life-flo, Salicylic Acid 2% Spray, 8 fl oz (237 ml)",AU$30.91,750,4.4/5 - 750 Reviews
"Heimish, Mist Serum, Bulgarian Rose Water, 55 ml",AU$25.04,168,4.6/5 - 168 Reviews
"Naturie, Hatomugi Skin Conditioning Gel , 6.35 oz (180 g)",AU$22.30,85,4.7/5 - 85 Reviews
"Neutrogena, Hydro Boost, Body Gel Cream, 16 oz (453 g)",AU$16.90,730,4.7/5 - 730 Reviews
"E.L.F., Holy Hydration! Eye Cream, 0.53 oz (15 g)",AU$20.86,505,4.1/5 - 505 Reviews
"Derma E, Advanced Peptides & Collagen Moisturizer, 2 oz (56 g)",AU$40.17,630,4.6/5 - 630 Reviews
"Source Naturals, Skin Eternal Cream, 4 oz (113.4 g)",AU$39.74,4024,4.4/5 - 4024 Reviews
"De La Cruz, Rosehip Oil, Rejuvenating Facial Moisturizer, 1 fl oz (30 ml)",AU$13.34,215,4.5/5 - 215 Reviews
"Mizon, Placenta Ampoule Cream, 1.69 fl oz (50 ml)",AU$19.50,343,4.6/5 - 343 Reviews
"Aroma Naturals, Amazing K, A & C Vitamin Cr√®me, 3.3 oz (94 g)",AU$20.10,486,4.7/5 - 486 Reviews
"Cosrx, Oil-Free Ultra-Moisturizing Lotion with Birch Sap, 3.38 fl oz (100 ml)",AU$28.44,1333,4.5/5 - 1333 Reviews
"Trilogy, Vital Moisturising Cream, 2.0 fl oz (60 ml)",AU$62.32,100,4.5/5 - 100 Reviews
"Source Naturals, Skin Eternal Cream, 2 oz (56.7 g)",AU$22.69,4024,4.4/5 - 4024 Reviews
"Dear, Klairs, Midnight Blue Calming Cream, 2 oz (60 ml)",AU$47.82,1338,4.7/5 - 1338 Reviews
"Leven Rose, 100% Pure & Organic, Carrot Seed Oil, 1 fl oz (30 ml)",AU$22.27,611,4.4/5 - 611 Reviews
"Andalou Naturals, Perfecting Cream, Goji Peptide, Age Defying, 1.7 fl oz (50 ml)",AU$43.02,1509,4.6/5 - 1509 Reviews
"Mizon, Snail Wrinkle Care Sleeping Pack, 2.70 fl oz (80 ml)",AU$20.70,211,4.7/5 - 211 Reviews
"PrescriptSkin, Glycolic Acid Cream 5%, 1.55 oz (44 g)",AU$28.69,1152,4.5/5 - 1152 Reviews
"Mad Hippie, Essentials Serum Kit, 2 Piece Kit",AU$25.50,290,4.8/5 - 290 Reviews
"Life-flo, Pure Almond Oil, 16 fl oz (473 ml)",AU$18.02,1611,4.5/5 - 1611 Reviews
"Life-flo, Salicylic Acid 2% Spray, 8 fl oz (237 ml)",AU$30.91,750,4.4/5 - 750 Reviews
"Pyunkang Yul, Nutrition Cream, 3.3 fl oz (100 ml)",AU$50.21,406,4.7/5 - 406 Reviews
"Acure, Seriously Soothing, Blue Tansy Night Oil, 1 fl oz (30 ml)",AU$15.32,1193,4.6/5 - 1193 Reviews
"Cliganic, 100% Pure & Natural, Rosehip Oil, 4 fl oz (120 ml)",AU$23.89,1488,4.7/5 - 1488 Reviews
"InstaNatural, Youth Express Eye Gel, 0.5 fl oz (15 ml)",AU$22.30,2353,4.3/5 - 2353 Reviews
"Hero Cosmetics, Rescue Balm, Post Blemish Recovery Cream, 0.507 fl oz (15 ml)",AU$15.75,132,4.5/5 - 132 Reviews
"Cetaphil, Redness Relieving, Daily Facial Moisturizer, SPF 20, Neutral Tint, 1.7 fl oz (50 ml)",AU$27.26,503,4.3/5 - 503 Reviews
"Derma E, Anti-Aging Regenerative Night Cream, 2 oz (56 g)",AU$33.87,393,4.4/5 - 393 Reviews
"Derma E, Advanced Peptides & Collagen Eye Cream , 1/2 oz (14 g)",AU$34.38,831,4.4/5 - 831 Reviews
"Pond's, Dry Skin Cream, Facial Moisturizer, 10.1 oz (286 g)",AU$13.03,664,4.6/5 - 664 Reviews
"Cetaphil, Daily Facial Moisturizer, SPF 50+, 1.7 fl oz (50 ml)",AU$34.83,571,4.4/5 - 571 Reviews
"Missha, Super Aqua, Ultra Hyalron Cream, 2.36 fl oz (70 ml)",AU$32.67,214,4.7/5 - 214 Reviews
"Embryolisse, Lait-Creme Concentre, Multi-Function Nourishing Moisturizer, 1.01 fl oz (30 ml)",AU$20.40,1262,4.6/5 - 1262 Reviews
"Some By Mi, Yuja Niacin, Brightening Sleeping Mask, 2.11 oz (60 g)",AU$29.30,732,4.6/5 - 732 Reviews
"Azelique, Age Refining Pycnogenol Cream, 1 oz (28 g)",AU$23.91,1263,4.5/5 - 1263 Reviews
"Mad Hippie, Triple C Night Cream, 0.7 oz (20 ml)",AU$13.64,1579,4.6/5 - 1579 Reviews
"Sukin, Facial Moisturiser, Sensitive, 4.23 fl oz (125 ml)",AU$15.92,612,4.4/5 - 612 Reviews
"Baebody, Neck Cream, 1.7 fl oz (50 ml)",AU$25.42,88,4.5/5 - 88 Reviews
"Weleda, Sheer Hydration Daily Creme, 1.0 fl oz (30 ml)",AU$34.25,28,4.4/5 - 28 Reviews
"Cosrx, Balancium, B5 D-Panthenol Cream, 1.69 fl oz (50 ml)",AU$41.44,80,4.6/5 - 80 Reviews
"Honey Belle, Elixir Rejuvenating Facial Oil, 0.5 oz (15 ml)",AU$23.91,14,4.7/5 - 14 Reviews
"Coxir, Ultra Hyaluronic, Emulsion, 3.38 oz (100 ml)",AU$15.97,112,4.8/5 - 112 Reviews
"Claires Korea, Guerisson, Red Ginseng Cream, 2.12 oz (60 g)",AU$30.96,175,4.7/5 - 175 Reviews
"Isntree, Hyaluronic Acid Water Essence, 1.69 fl oz (50 ml)",AU$46.51,301,4.8/5 - 301 Reviews
"Skincare LdeL Cosmetics Retinol, Retinol Day Cream, SPF 20, 1.7 oz (50 g)",AU$43.03,51,4.7/5 - 51 Reviews
"Andalou Naturals, Lift & Firm Cream, Hyaluronic DMAE, 1.7 oz (50 g)",AU$43.02,1544,4.6/5 - 1544 Reviews
"Himalaya, Radiant Glow Fairness Cream, 3.52 oz (100 g)",AU$9.09,408,4.2/5 - 408 Reviews
"InstaNatural, Collagen Night Cream, 1.7 fl oz (50 ml)",AU$33.46,720,4.5/5 - 720 Reviews
"Acure, Ultra Hydrating, Eye Cream, 0.5 fl oz (14.7 ml)",AU$23.59,163,4.5/5 - 163 Reviews
"d'Alba, White Truffle, Anti-Wrinkle Cream, Ampoule Balm, 1.76 oz (50 g)",AU$81.61,116,4.6/5 - 116 Reviews
"Mediheal, N.M.F Intensive Hydrating Cream, 1.6 fl oz (50 ml)",AU$19.62,1339,4.7/5 - 1339 Reviews
"Mizon, Black Snail, All In One Cream, 2.53 fl oz (75 ml)",AU$26.98,3543,4.5/5 - 3543 Reviews
"Olay, Active Hydrating, Cream, Original, 2 fl oz (56 ml)",AU$13.41,225,4.6/5 - 225 Reviews
"Azelique, Serumdipity, Anti-Aging Facial Oil with Peptides, Facial Serum, 1 fl oz (30 ml)",AU$22.32,1381,4.4/5 - 1381 Reviews
"Trilogy, Vitamin C Moisturizing Lotion, 1.69 fl oz (50 ml)",AU$62.32,37,4.6/5 - 37 Reviews
"InstaNatural, Firming DMAE Moisturizer, 0.5 fl oz (15 ml)",AU$7.48,1179,4.4/5 - 1179 Reviews
"TruSkin, Retinol Moisturizer, 2 fl oz (60 ml)",AU$31.86,34,4.8/5 - 34 Reviews
"Aveeno, Active Naturals, Clear Complexion, Daily Moisturizer, 4 fl oz (120 ml)",AU$25.96,327,4.3/5 - 327 Reviews
"Badger Company, Face Care, Damascus Rose Face Oil, 1 fl oz (29.5 ml)",AU$23.02,990,4.5/5 - 990 Reviews
"Enough, Aloe, Cereal Collagen, Soothing Gel, 100 ml",AU$4.97,765,4.5/5 - 765 Reviews
"Yeouth, Neck Firming Cream, 2 fl oz (60 ml)",AU$41.36,778,4.5/5 - 778 Reviews
"Secret Key, Snow White Milky Pack, Whitening Cream, 200 g",AU$20.72,746,4/5 - 746 Reviews
"Radiant Seoul, Brightening Moisturizing Cream, 1.7 oz (50 ml)",AU$19.13,1422,4.4/5 - 1422 Reviews
"Naturie, Hatomugi Skin Conditioner, 16.9 fl oz (500 ml)",AU$15.92,224,4.6/5 - 224 Reviews
"Derma E, Anti-Wrinkle Eye Treatment , 1/2 oz (14 g)",AU$18.32,812,4/5 - 812 Reviews
"RoC, Retinol Correxion Line Smoothing Eye Cream, 0.5 oz (15 ml)",AU$39.32,437,4.4/5 - 437 Reviews
"Bioderma, Atoderm, Ultra-Nourishing Cream, 16.7 fl oz (500 ml)",AU$30.27,39,4.9/5 - 39 Reviews
"Andalou Naturals, Luminous Night Cream, Purple Carrot + C, Brightening, 1.7 fl oz (50 ml)",AU$43.02,1104,4.6/5 - 1104 Reviews
"Pond's, Rejuveness, Lifting & Brightening Eye Cream, Fragrance Free, 1 fl oz (29.5 ml)",AU$12.93,136,4.4/5 - 136 Reviews
"Pacifica, Coconut Probiotic, Technology Water Rehab Cream, 1 fl oz (29 ml)",AU$10.84,746,4.6/5 - 746 Reviews
"Missha, Misa, Geum Sul Overnight Cream, 80 ml",AU$46.29,205,4.7/5 - 205 Reviews
"Leven Rose, 100% Pure & Organic, Argan Oil, 4 fl oz (118 ml)",AU$30.24,895,4.5/5 - 895 Reviews
"Missha, Time Revolution, Red Algae Revitalizing Cream, 1.69 fl oz (50 ml)",AU$38.72,330,4.8/5 - 330 Reviews
"Cosmedica Skincare, 2.5% Retinol Night Cream, Overnight Resurfacing Treatment, 1.76 oz (50 g)",AU$35.07,343,4.6/5 - 343 Reviews
"Sukin, Enriching Night Cream, Rosehip, 4.06 fl oz (120 ml)",AU$28.67,325,4.6/5 - 325 Reviews
"Pond's, Rejuveness, Advanced Hydrating Night Cream, 3 fl oz (88.7 ml)",AU$12.93,88,4.6/5 - 88 Reviews
"Trilogy, Rosehip Oil Antioxidant +, 1.01 fl oz (30 ml)",AU$59.61,986,4.6/5 - 986 Reviews
"Leven Rose, 100% Pure & Organic, Rosehip Oil, 4 fl oz (118 ml)",AU$33.42,630,4.5/5 - 630 Reviews
"Sierra Bees, Madre Magic, Royal Jelly & Propolis Multipurpose Balm, 2 fl oz (57 ml)",AU$19.13,1243,4.4/5 - 1243 Reviews
"Missha, Super Aqua, Cell Renew Snail, Moisturizer,  4.39 fl oz (130 ml)",AU$29.19,237,4.7/5 - 237 Reviews
"Himalaya, Anti-Wrinkle Cream, 1.69 oz (50 ml)",AU$18.14,379,4.4/5 - 379 Reviews
"PrescriptSkin, Retinol Trial Set, 3 Professional Strength Anti-Aging Products, 3 Jars, 0.18 oz (5 g) Each",AU$11.16,149,4.4/5 - 149 Reviews
"Trilogy, Age-Proof, Replenishing Night Cream, 2 fl oz (60 ml)",AU$77.22,352,4.7/5 - 352 Reviews
"Yeouth, Day / Night Cream, 2 fl oz (60 ml)",AU$31.80,1796,4.6/5 - 1796 Reviews
"Life-flo, Pure Camellia Seed Oil, 4 fl oz (118 ml)",AU$16.11,467,4.5/5 - 467 Reviews
"Derma E, Anti-Aging Regenerative Day Cream, 2 oz (56 g)",AU$33.87,194,4.6/5 - 194 Reviews
"Aveeno, Active Naturals, Clear Complexion, Daily Moisturizer, 4 fl oz (120 ml)",AU$25.96,327,4.3/5 - 327 Reviews
"Dear, Klairs, Fundamental Ampule Mist, 4.22 fl oz (125 ml)",AU$42.24,258,4.8/5 - 258 Reviews
"Cliganic, 100% Pure & Natural, Jojoba Oil, 16 fl oz (473 ml)",AU$44.61,1488,4.7/5 - 1488 Reviews
"Some By Mi, AHA/BHA/PHA Real Cica 92% Cool Calming Soothing Gel, 10.14 fl oz (300 ml)",AU$19.48,94,4.7/5 - 94 Reviews
"Earth Science, Perfect Hydration, Oil-Free Moisturizer, Fragrance Free, 2 fl oz (59 ml)",AU$17.92,393,4.3/5 - 393 Reviews
"Missha, Super Aqua, Ultra Hyalron Set, 4 Pieces",AU$58.35,272,4.8/5 - 272 Reviews
"E.L.F., Holy Hydration! Face Cream, Fragrance Free, 1.8 oz (50 g)",AU$24.66,66,4.5/5 - 66 Reviews
"Desert Essence, Daily Essential Moisturizer, 4 fl oz (120 ml)",AU$10.18,776,3.8/5 - 776 Reviews
"Himalaya, Radiant Glow Fairness Cream, 3.52 oz (100 g)",AU$9.09,408,4.2/5 - 408 Reviews
"Eucerin, Redness Relief, Daily Perfecting Lotion SPF 15, Fragrance Free, 1.7 fl oz (50 ml)",AU$22.90,428,4.2/5 - 428 Reviews
"SKIN1004, Madagascar Centella Cream, 2.53 fl oz (75 ml)",AU$26.93,58,4.8/5 - 58 Reviews
"Source Naturals, Skin Eternal Cream, 4 oz (113.4 g)",AU$39.74,4024,4.4/5 - 4024 Reviews
"Pyunkang Yul, Eye Cream, 1.69 fl oz (50 ml)",AU$35.86,556,4.6/5 - 556 Reviews
"Neutrogena, Hydro Boost Water Gel,  0.5 oz (14 g) ",AU$12.74,2705,4.5/5 - 2705 Reviews
"Dear, Klairs, Freshly Juiced Vitamin E Beauty Mask, 3.04 oz (90 ml)",AU$38.25,1705,4.4/5 - 1705 Reviews
"Hero Cosmetics, Clear Collective, Clarifying Prebiotic Moisturizer, 2.36 fl oz (70 ml)",AU$15.75,164,4.7/5 - 164 Reviews
"Sierra Bees, Madre Magic, Royal Jelly & Propolis Multipurpose Balm, 4 fl oz (118 ml)",AU$31.88,1243,4.4/5 - 1243 Reviews
"Andalou Naturals, Reviving Eye Cream, Bio-Designed Collagen + Hyaluronic Acid, 0.45 fl oz (13 ml)",AU$31.86,61,4.7/5 - 61 Reviews
"Andalou Naturals, 1000 Roses, Beautiful Day Cream, Sensitive, 1.7 oz (50 ml)",AU$43.02,1418,4.6/5 - 1418 Reviews
"Cosrx, Oil-Free Ultra-Moisturizing Lotion with Birch Sap, 0.67 fl oz (20 ml)",AU$7.54,1333,4.5/5 - 1333 Reviews
"Pyunkang Yul, ACNE, Spot Cream, 0.50 fl oz (15 ml)",AU$11.25,386,4.1/5 - 386 Reviews
"Mad Hippie, Antioxidant Facial Oil, 1.0 fl oz (30 ml)",AU$28.41,398,4.5/5 - 398 Reviews
"Acure, Incredibly Clear, Mattifying Moisturizer, 1.7 fl oz (50 ml)",AU$20.05,795,4.1/5 - 795 Reviews
"InstaNatural, Skin Brightening Vitamin C Essentials, Serum & Moisturizer Discovery Bundle, 1 Set",AU$33.42,12,4.8/5 - 12 Reviews
"Derma E, Vitamin C Renewing Moisturizer, Probiotics & Rooibos, 2 fl oz (60 ml)",AU$24.37,232,4.6/5 - 232 Reviews
"Neutrogena, Rapid Wrinkle Repair, Regenerating Cream, 1.7 oz (48 g)",AU$47.07,468,4.5/5 - 468 Reviews
"UpCircle, Eye Cream with Maple and Coffee, 10 ml",AU$19.13,32,4.7/5 - 32 Reviews
"Purito, Centella Unscented Recovery Cream, 1.7 fl oz (50 ml)",AU$23.00,65,4.7/5 - 65 Reviews
"Mizon, Placenta Ampoule Cream, 1.69 fl oz (50 ml)",AU$19.50,343,4.6/5 - 343 Reviews
"Olay, Active Hydrating, Cream, Original, 2 fl oz (56 ml)",AU$13.41,225,4.6/5 - 225 Reviews
"Acure, Ultra Hydrating, 12 Hour Facial Moisturizer, 1 fl oz (30 ml)",AU$22.41,1385,4.5/5 - 1385 Reviews
"Earth Science, A/B Hydroxy Acid Night Rejuvenator, 1 fl oz (30 ml)",AU$29.87,894,4.5/5 - 894 Reviews
"Nivea, Men, Creme, 5.3 oz (150 g)",AU$8.80,191,4.8/5 - 191 Reviews
"Pura D'or, Sharp Look Eye Cream,  1.7 fl oz (50 ml)",AU$31.86,134,4.6/5 - 134 Reviews
"Now Foods, Solutions, Vitamin C & Sea Buckthorn Moisturizer, 2 fl oz (59 ml)",AU$15.56,746,4.1/5 - 746 Reviews
"InstaNatural, Organics Marula Oil, 1 fl oz (30 ml)",AU$27.41,246,4.6/5 - 246 Reviews
"Bag Balm, Skin Moisturizer, Hand & Body, For Dry Skin, 4 oz",AU$11.14,147,4.7/5 - 147 Reviews
"Petitfee, Snow Lotus, White Tone Up Cream, 50 ml",AU$12.45,609,4.2/5 - 609 Reviews
"De La Cruz, Rosehip Oil, Rejuvenating Facial Moisturizer, 1 fl oz (30 ml)",AU$13.34,215,4.5/5 - 215 Reviews
"Olay, Age Defying, Anti-Wrinkle, 2-in-1 Day Cream + Serum, 1.7 fl oz (50 ml)",AU$24.79,216,4.7/5 - 216 Reviews
"Etude, Moistfull Collagen, Eye Cream, 0.94 fl oz (28 ml)",AU$20.59,684,4.4/5 - 684 Reviews
"InstaNatural, Emu Oil, Body Treatment,  4 fl oz (120 ml)",AU$38.24,704,4.7/5 - 704 Reviews
"Derma E, SunKiss Alba, Radiant Glow Face Oil, Jojoba Argan & Seabuckthorn Oils , 2 fl oz (60 ml)",AU$25.39,254,4.5/5 - 254 Reviews
"InstaNatural, Retinol Moisturizer, 3.4 fl oz (100 ml)",AU$31.83,1695,4.4/5 - 1695 Reviews
"Life-flo, Pure Argan Oil, 4 oz (118 ml)",AU$38.16,491,4.5/5 - 491 Reviews
"Missha, Time Revolution, Red Algae Revitalizing Lotion, 4.39 fl oz (130 ml)",AU$27.54,177,4.8/5 - 177 Reviews
"Heritage Store, Lavender Water & Glycerin Soothing Facial Mist, 8 fl oz (240 ml)",AU$15.60,361,4.4/5 - 361 Reviews
"Missha, Misa, Geum Sul Emulsion, 100 ml",AU$32.77,167,4.8/5 - 167 Reviews
"Derma E, Blue Light Shield Spray, 1 fl oz (30 ml)",AU$19.70,159,4.1/5 - 159 Reviews
"Palmer's, Coconut Butter Formula with Vitamin E, Eventone Face Cream,  2.7 oz (75 g)",AU$13.36,92,4.6/5 - 92 Reviews
"RoC, Multi Correxion 5 in 1 Eye Cream, 0.5 fl oz (15 ml)",AU$44.98,309,4.5/5 - 309 Reviews
"Olay, Night of Olay, Firming Night Cream, 1.9 fl oz (56 ml)",AU$13.41,275,4.7/5 - 275 Reviews
"Life-flo, Pure Safflower Oil, Skin Care, 16 fl oz (473 ml)",AU$21.98,376,4.6/5 - 376 Reviews
"RoC, Retinol Correxion, Max Daily Hydration Creme, 1.7 oz (48 g)",AU$44.98,203,4.6/5 - 203 Reviews
"Missha, Super Aqua, Cell Renew Snail Cream, 1.75 fl oz (52 ml)",AU$44.21,162,4.8/5 - 162 Reviews
"Uriage, Bariederm, Cica-Cream with Copper-Zinc, Fragrance-Free, 1.35 fl oz (40 ml)",AU$19.13,116,4.6/5 - 116 Reviews
"Sports Research, Pure Avocado Multi-Purpose Oil, 16 fl oz (473 ml)",AU$20.01,484,4.6/5 - 484 Reviews
"Olay, Regenerist, Micro-Sculpting Cream, Fragrance-Free, 1.7 oz (48 g)",AU$50.42,94,4.5/5 - 94 Reviews
"Rohto, Hada Labo, Gokujyun Hydrating Lotion, 5.7 fl oz (170 ml)",AU$27.72,365,4.7/5 - 365 Reviews
"Cosrx, Hyaluronic Acid Intensive Cream, 3.52 oz (100 g)",AU$34.80,50,4.8/5 - 50 Reviews
"Haruharu, Wonder, Black Rice Hyaluronic Cream, 1.6 fl oz (50 ml)",AU$23.14,320,4.5/5 - 320 Reviews
"Missha, Misa, Geum Sul Essence, 40 ml",AU$31.62,101,4.8/5 - 101 Reviews
"Dear, Klairs, Midnight Blue Calming Cream, 1 oz (30 ml)",AU$34.81,1338,4.7/5 - 1338 Reviews
"Pixi Beauty, Retinol Eye Cream, Smoothing Eye Cream, 0.84 fl oz (25 ml)",AU$35.07,170,4.4/5 - 170 Reviews
"InstaNatural, Firming DMAE Moisturizer, 1.7 fl oz (50 ml)",AU$28.64,1179,4.4/5 - 1179 Reviews
"De La Cruz, Coconut Oil, Moisturizer, 2.2 oz (62.5 g)",AU$4.77,597,4.6/5 - 597 Reviews
"The Honest Company, Purely Sensitive, Face + Body Lotion, Fragrance Free, 8.5 fl oz (250 ml)",AU$15.29,87,4.5/5 - 87 Reviews
"Skincare LdeL Cosmetics Retinol, Night Cream, 1.7 oz (50 g)",AU$43.03,102,4.6/5 - 102 Reviews
"Crazy Skin, Centella Tica Ampule, 1.7 fl oz (50 ml)",AU$19.13,338,4.7/5 - 338 Reviews
"Derma E, Hydrating Day Cream, 2 oz (56 g)",AU$33.87,283,4.1/5 - 283 Reviews
"Neutrogena, Rapid Wrinkle Repair, Moisturizer, Night, 1 fl oz (29 ml)",AU$39.40,210,4.6/5 - 210 Reviews
"Pond's, Rejuveness, Anti-Wrinkle Cream, 14.1 oz (400 g)",AU$25.88,198,4.6/5 - 198 Reviews
"Trilogy, Certified Organic Rosehip Oil, Roller Ball, 0.34 fl oz (10 ml)",AU$23.02,601,4.6/5 - 601 Reviews
"Maryann Organics, Eye Cream, Morning & Night Eye Formula, 1.7 fl oz ",AU$35.85,224,4.8/5 - 224 Reviews
"Cosrx, Hydrium, Triple Hyaluronic Moisture Ampoule, 1.35 fl oz (40 ml)",AU$41.44,117,4.8/5 - 117 Reviews
"InstaNatural, Collagen Day Cream, 1.7 fl oz (50 ml)",AU$31.83,93,4.7/5 - 93 Reviews
"Sukin, Calming Night Cream, Sensitive,  4.06 fl oz (120 ml)",AU$28.67,323,4.5/5 - 323 Reviews
"Sympli Beautiful, Illuminating Antioxidant Facial Cleansing Oil, with Argan, Marula, Rosehip & Orange Oil, 1 fl oz (30 ml)",AU$23.91,1024,4.5/5 - 1024 Reviews
"Mizon, Hyaluronic Ultra Suboon Cream, 1.52 fl oz (45 ml)",AU$11.84,62,4.8/5 - 62 Reviews
"Andalou Naturals, 1000 Roses, Heavenly Night Cream, Sensitive, 1.7 fl oz (50 ml)",AU$43.02,584,4.5/5 - 584 Reviews
"Uriage, Xemose, Lipid-Replenishing Anti-Irritation Cream, Fragrance-Free, 13.5 fl oz (400 ml)",AU$39.85,70,4.7/5 - 70 Reviews
"Pyunkang Yul, ACNE, Cream, 1.69 fl oz (50 ml)",AU$24.39,485,4.5/5 - 485 Reviews
"Claires Korea, Guerisson, Moisture Balancing Cream, 2.47 oz (70 g)",AU$30.96,93,4.8/5 - 93 Reviews
"Mason Natural, Coconut Oil Skin Cream, 2 oz (57 g)",AU$9.10,244,4.5/5 - 244 Reviews
"Yeouth, Radiance Eye Gel, 1 fl oz (30 ml)",AU$39.77,482,4.3/5 - 482 Reviews
"Olay, Complete, UV365 Daily Moisturizer with Sunscreen, SPF 15, Sensitive, 4.0 fl oz (118 ml)",AU$16.37,170,4.7/5 - 170 Reviews
"InstaNatural, Vitamin C Moisturizer, 3.4 fl oz (100 ml)",AU$31.83,1451,4.5/5 - 1451 Reviews
"InstaNatural, Skin Lightening Cream, 1.7 fl oz (50 ml)",AU$24.51,159,4.6/5 - 159 Reviews
"SkinRx Lab, MadeCera Cream, 1.69 fl oz (50 ml)",AU$15.17,66,4.5/5 - 66 Reviews
"Reviva Labs, Nasolabial Fold+, Multi-Peptide Complex, 2 oz (55 g)",AU$64.44,440,4.4/5 - 440 Reviews
"InstaNatural, Collagen Night Cream, 1.7 fl oz (50 ml)",AU$33.46,720,4.5/5 - 720 Reviews
"Andalou Naturals, Facial Lotion, Ultra Sheer Daily Defense, SPF 18, Age Defying, 2.7 fl oz (80 ml)",AU$25.49,612,4.6/5 - 612 Reviews
"Andalou Naturals, Coconut Water, Eye Lift Cream, Quenching, 0.60 fl oz (18 g)",AU$31.86,404,4.5/5 - 404 Reviews
"Secret Key, Snail Repairing Essence, 2.02 fl oz (60 ml)",AU$20.08,4,4.5/5 - 4 Reviews
"Jergens, Hydrating Coconut Moisturizer, Oil-Infused, 16.8 fl oz (496 ml)",AU$13.26,171,4.7/5 - 171 Reviews
"Himalaya, Revitalizing Night Cream, 1.69 oz (50 ml)",AU$18.14,142,4.3/5 - 142 Reviews
"Frudia, Green Grape Pore Control Cream, 0.35 oz (10 g)",AU$3.83,1409,4.5/5 - 1409 Reviews
"Life-flo, Skin Care, Fractionated Coconut Oil, 16 fl oz (473 ml)",AU$21.80,201,4.7/5 - 201 Reviews
"Derma E, Sensitive Skin Moisturizing Cream, 2 oz (56 g)",AU$31.03,453,4.3/5 - 453 Reviews
"Missha, Super Aqua, Ultra Hyalron Emulsion, 4.39 fl oz (130 ml)",AU$27.65,84,4.8/5 - 84 Reviews
"Trilogy, Age-Proof, CoQ10 Booster Oil, 0.67 fl oz (20 ml)",AU$62.32,122,4.8/5 - 122 Reviews
"Andalou Naturals, Argan Stem Cell, Recovery Cream, Clearer Skin, 1.7 fl oz (50 ml)",AU$43.02,587,4.6/5 - 587 Reviews
"Leven Rose, 100% Pure & Organic, Rosehip Oil, 1 fl oz (30 ml)",AU$22.27,630,4.5/5 - 630 Reviews
"Goodal, Green Tangerine, Vita C Dark Circle Eye Cream, 1.01 fl oz (30 ml)",AU$29.92,106,4.3/5 - 106 Reviews
"Mizon, All In One, Colorful Youth, Snail, 2 Piece Set",AU$51.48,276,4.7/5 - 276 Reviews
"Benton, Aloe Hyaluron Cream, 1.76 oz (50 g)",AU$18.93,27,4.8/5 - 27 Reviews
"Acure, Ultra Hydrating, Eye Cream, 0.5 fl oz (14.7 ml)",AU$23.59,163,4.5/5 - 163 Reviews
"Benton, Deep Green Tea Lotion, 4.05 fl oz (120 ml)",AU$17.08,536,4.5/5 - 536 Reviews
"De La Cruz, Vitamin E Oil, 15,000 IU, 2.2 fl oz (65 ml)",AU$8.89,415,4.5/5 - 415 Reviews
"Morningstar Minerals, Derma Boost Rejuvenating Spray Mist, 2 fl oz (59 ml)",AU$12.67,3887,4.4/5 - 3887 Reviews
"Acure, Ultra Hydrating, 12 Hour Facial Moisturizer, 0.67 fl oz (20 ml)",AU$7.43,1385,4.5/5 - 1385 Reviews
"Derma E, Ultra Hydrating Alkaline Overnight Facial, 2 oz (56 g)",AU$22.07,192,4.2/5 - 192 Reviews
"Uriage, Roseliane, Anti-Redness Cream, 1.35 fl oz (40 ml)",AU$21.20,63,4.5/5 - 63 Reviews
"Andalou Naturals, 1000 Roses, Facial Lotion, Daily Shade, SPF 18, Sensitive, 2.7 fl oz (80 ml)",AU$25.49,465,4.4/5 - 465 Reviews
"Reviva Labs, Collagen Night Creme, 1.5 oz (42 g)",AU$21.52,528,4.2/5 - 528 Reviews
"E.L.F., Daily Hydration Moisturizer, 2.53 fl. oz (75 ml)",AU$18.97,499,4.4/5 - 499 Reviews
"d'Alba, White Truffle, Anti-Wrinkle Cream, Ampoule Balm, 1.76 oz (50 g)",AU$81.61,116,4.6/5 - 116 Reviews
"Mamonde, Rose Water Gel Cream, 80 ml",AU$26.81,171,4.6/5 - 171 Reviews
"Maryann Organics, Retinol, Moisturizing Cream, 1.7 fl oz (50 ml)",AU$31.88,142,4.9/5 - 142 Reviews
"Sukin, Calming Night Cream, Sensitive,  4.06 fl oz (120 ml)",AU$28.67,323,4.5/5 - 323 Reviews
"Mizon, Hyaluronic Ultra Suboon Cream, 1.52 fl oz (45 ml)",AU$11.84,62,4.8/5 - 62 Reviews
"Andalou Naturals, 1000 Roses, Heavenly Night Cream, Sensitive, 1.7 fl oz (50 ml)",AU$43.02,584,4.5/5 - 584 Reviews
"Uriage, Xemose, Lipid-Replenishing Anti-Irritation Cream, Fragrance-Free, 13.5 fl oz (400 ml)",AU$39.85,70,4.7/5 - 70 Reviews
"Pyunkang Yul, ACNE, Cream, 1.69 fl oz (50 ml)",AU$24.39,485,4.5/5 - 485 Reviews
"Claires Korea, Guerisson, Moisture Balancing Cream, 2.47 oz (70 g)",AU$30.96,93,4.8/5 - 93 Reviews
"Mason Natural, Coconut Oil Skin Cream, 2 oz (57 g)",AU$9.10,244,4.5/5 - 244 Reviews
"Yeouth, Radiance Eye Gel, 1 fl oz (30 ml)",AU$39.77,482,4.3/5 - 482 Reviews
"Olay, Complete, UV365 Daily Moisturizer with Sunscreen, SPF 15, Sensitive, 4.0 fl oz (118 ml)",AU$16.37,170,4.7/5 - 170 Reviews
"InstaNatural, Vitamin C Moisturizer, 3.4 fl oz (100 ml)",AU$31.83,1451,4.5/5 - 1451 Reviews
"InstaNatural, Skin Lightening Cream, 1.7 fl oz (50 ml)",AU$24.51,159,4.6/5 - 159 Reviews
"SkinRx Lab, MadeCera Cream, 1.69 fl oz (50 ml)",AU$15.17,66,4.5/5 - 66 Reviews
"Reviva Labs, Nasolabial Fold+, Multi-Peptide Complex, 2 oz (55 g)",AU$64.44,440,4.4/5 - 440 Reviews
"Andalou Naturals, Coconut Water, Eye Lift Cream, Quenching, 0.60 fl oz (18 g)",AU$31.86,404,4.5/5 - 404 Reviews
"Secret Key, Snail Repairing Essence, 2.02 fl oz (60 ml)",AU$20.08,4,4.5/5 - 4 Reviews
"Jergens, Hydrating Coconut Moisturizer, Oil-Infused, 16.8 fl oz (496 ml)",AU$13.26,171,4.7/5 - 171 Reviews
"Life-flo, Skin Care, Fractionated Coconut Oil, 16 fl oz (473 ml)",AU$21.80,201,4.7/5 - 201 Reviews
"Derma E, Sensitive Skin Moisturizing Cream, 2 oz (56 g)",AU$31.03,453,4.3/5 - 453 Reviews
"Missha, Super Aqua, Ultra Hyalron Emulsion, 4.39 fl oz (130 ml)",AU$27.65,84,4.8/5 - 84 Reviews
"Trilogy, Age-Proof, CoQ10 Booster Oil, 0.67 fl oz (20 ml)",AU$62.32,122,4.8/5 - 122 Reviews
"Leven Rose, 100% Pure & Organic, Rosehip Oil, 1 fl oz (30 ml)",AU$22.27,630,4.5/5 - 630 Reviews
"Andalou Naturals, Argan Stem Cell, Recovery Cream, Clearer Skin, 1.7 fl oz (50 ml)",AU$43.02,587,4.6/5 - 587 Reviews
"Goodal, Green Tangerine, Vita C Dark Circle Eye Cream, 1.01 fl oz (30 ml)",AU$29.92,106,4.3/5 - 106 Reviews
"Mizon, All In One, Colorful Youth, Snail, 2 Piece Set",AU$51.48,276,4.7/5 - 276 Reviews
"Wishtrend, Vitamin 75 Maximizing Cream, 1.76 oz",AU$39.19,169,4.6/5 - 169 Reviews
"Andalou Naturals, 1000 Roses, Moroccan Beauty Oil, Sensitive, 1 fl oz (30 ml)",AU$33.46,338,4.6/5 - 338 Reviews
"Frudia, Citrus Brightening Cream, 1.94 oz (55 g)",AU$30.01,1064,4.5/5 - 1064 Reviews
"Secret Key, Snow White Milky Lotion, 4.23 oz (120 g)",AU$22.03,57,4/5 - 57 Reviews
"iUNIK, Black Snail Restore Cream, 60 ml",AU$20.39,31,4.7/5 - 31 Reviews
"Life-flo, Pure Avocado Oil, Skin Care, 16 fl oz (473 ml)",AU$26.35,283,4.6/5 - 283 Reviews
"Reviva Labs, Ultra Rich Ultra Light Daytime Moisturizer with Vitamin C, 1.5 oz (42 g)",AU$19.13,426,4.4/5 - 426 Reviews
"Some By Mi, V10 Vitamin Tone-Up Cream, Brightening & Moisture, 50 ml",AU$24.74,131,4/5 - 131 Reviews
"TruSkin, Vitamin C Brightening Moisturizer, 2 fl oz (60 ml)",AU$25.49,72,4.7/5 - 72 Reviews
"Skinfood, Peach Jelly, Soothing Gel 90, 10.14 fl oz (300 ml)",AU$12.75,129,4.6/5 - 129 Reviews
"Uriage, Bariederm, Insulating Repairing Cream, Fragrance-Free, 2.5 fl oz (75 ml) ",AU$22.31,58,4.7/5 - 58 Reviews
"InstaNatural, Vitamin C Night Cream, 1.7 fl oz (50 ml)",AU$17.18,549,4.6/5 - 549 Reviews
"Palmer's, Natural Vitamin E Concentrated Cream, Fragrance Free, 2.1 oz (60 g)",AU$8.54,53,4.7/5 - 53 Reviews
"Source Naturals, Skin Eternal Day Cream, 4 oz (113.4 g)",AU$42.58,129,4.6/5 - 129 Reviews
"Petitfee, Gold Neck Cream, 50 g",AU$25.86,238,4.3/5 - 238 Reviews
"L'Oreal, Hydra Renewal, Day/Night Cream, 1.7 oz (48 g)",AU$15.45,157,4.6/5 - 157 Reviews
"Olay, Age Defying, Classic, Night Cream, 2 fl oz (60 ml)",AU$19.31,125,4.8/5 - 125 Reviews
"Acure, Ultra Hydrating, Overnight Dream Cream, 1.7 fl oz (50 ml)",AU$19.88,129,4.6/5 - 129 Reviews
"Dear, Klairs, Fundamental Eye Awakening Gel, 1.18 fl oz (35 ml)",AU$36.66,323,4.8/5 - 323 Reviews
"Isntree, Hyaluronic Acid, Aqua Gel Cream, 3.38 fl oz (100 ml)",AU$37.22,202,4.5/5 - 202 Reviews
"Pyunkang Yul, Calming Moisture Barrier Cream, 1.69 fl oz (50 ml)",AU$22.81,72,4.8/5 - 72 Reviews
"Cosrx, AC Collection, Lightweight Soothing Moisturizer, 2.7 fl oz (80 ml)",AU$30.28,34,4.8/5 - 34 Reviews
"Atopalm, Face Cream, 1.1 fl oz (35 ml)",AU$18.26,311,4.8/5 - 311 Reviews
"Lilyana Naturals, Retinol Cream, High-Potency Hyaluronic Blend, 1.7 oz (48 g)",AU$36.66,,4.6/5 - 17 Reviews
"Cremo, Face Moisturizer, Restorative Formula, 3 fl oz (88 ml)",AU$16.58,17,4.8/5 - 28 Reviews
"Pacifica, Wake Up Beautiful, Overnight Retinoid Cream, 1.7 fl oz (50 ml)",AU$38.25,28,4.8/5 - 73 Reviews
"Pura D'or, Golden Glow Face Cream PM, 1.7 oz (50 ml)",AU$31.86,73,4.6/5 - 37 Reviews
"De La Cruz, Sweet Almond Oil, 2 fl oz (59 ml)",AU$5.39,37,4.7/5 - 102 Reviews
"Kikumasamune, Sake Skin Care Emulsion,  12.8 fl oz (380 ml)",AU$19.13,102,4.4/5 - 258 Reviews
"Yeouth, Anti-Aging Moisturizer L22, 1 fl oz (30 ml)",AU$31.80,258,4.6/5 - 338 Reviews
"Andalou Naturals, 1000 Roses, Moroccan Beauty Oil, Sensitive, 1 fl oz (30 ml)",AU$33.46,338,4.6/5 - 169 Reviews
"Wishtrend, Vitamin 75 Maximizing Cream, 1.76 oz",AU$39.19,169,4.5/5 - 1064 Reviews
"Frudia, Citrus Brightening Cream, 1.94 oz (55 g)",AU$30.01,1064,4/5 - 57 Reviews
"Secret Key, Snow White Milky Lotion, 4.23 oz (120 g)",AU$22.03,57,4.7/5 - 31 Reviews
"iUNIK, Black Snail Restore Cream, 60 ml",AU$20.39,31,4.6/5 - 283 Reviews
"Life-flo, Pure Avocado Oil, Skin Care, 16 fl oz (473 ml)",AU$26.35,283,4.4/5 - 426 Reviews
"Reviva Labs, Ultra Rich Ultra Light Daytime Moisturizer with Vitamin C, 1.5 oz (42 g)",AU$19.13,426,4/5 - 131 Reviews
"Some By Mi, V10 Vitamin Tone-Up Cream, Brightening & Moisture, 50 ml",AU$24.74,131,4.7/5 - 72 Reviews
"TruSkin, Vitamin C Brightening Moisturizer, 2 fl oz (60 ml)",AU$25.49,72,4.6/5 - 129 Reviews
"Skinfood, Peach Jelly, Soothing Gel 90, 10.14 fl oz (300 ml)",AU$12.75,129,4.6/5 - 549 Reviews
"InstaNatural, Vitamin C Night Cream, 1.7 fl oz (50 ml)",AU$17.18,549,4.7/5 - 58 Reviews
"Uriage, Bariederm, Insulating Repairing Cream, Fragrance-Free, 2.5 fl oz (75 ml) ",AU$22.31,58,4.7/5 - 53 Reviews
"Palmer's, Natural Vitamin E Concentrated Cream, Fragrance Free, 2.1 oz (60 g)",AU$8.54,53,4.6/5 - 129 Reviews
"Source Naturals, Skin Eternal Day Cream, 4 oz (113.4 g)",AU$42.58,129,4.8/5 - 125 Reviews
"Olay, Age Defying, Classic, Night Cream, 2 fl oz (60 ml)",AU$19.31,125,4.6/5 - 157 Reviews
"L'Oreal, Hydra Renewal, Day/Night Cream, 1.7 oz (48 g)",AU$15.45,157,4.3/5 - 238 Reviews
"Petitfee, Gold Neck Cream, 50 g",AU$25.86,238,4.6/5 - 129 Reviews
"Acure, Ultra Hydrating, Overnight Dream Cream, 1.7 fl oz (50 ml)",AU$19.88,129,4.8/5 - 323 Reviews
"Dear, Klairs, Fundamental Eye Awakening Gel, 1.18 fl oz (35 ml)",AU$36.66,323,4.5/5 - 202 Reviews
"Isntree, Hyaluronic Acid, Aqua Gel Cream, 3.38 fl oz (100 ml)",AU$37.22,202,4.8/5 - 72 Reviews
"Pyunkang Yul, Calming Moisture Barrier Cream, 1.69 fl oz (50 ml)",AU$22.81,72,4.8/5 - 34 Reviews
"Cosrx, AC Collection, Lightweight Soothing Moisturizer, 2.7 fl oz (80 ml)",AU$30.28,34,4.8/5 - 311 Reviews
"Lilyana Naturals, Retinol Cream, High-Potency Hyaluronic Blend, 1.7 oz (48 g)",AU$36.66,,4.7/5 - 76 Reviews
"Atopalm, Face Cream, 1.1 fl oz (35 ml)",AU$18.26,311,4.5/5 - 118 Reviews
"Olay, Age Defying, Anti-Wrinkle, Night Cream, 2 fl oz (60 ml)",AU$24.79,76,4.4/5 - 989 Reviews
"Trilogy, Ultra Hydrating Face Cream, 2.5 fl oz (75 ml)",AU$54.19,118,4.7/5 - 177 Reviews
"Too Cool for School, All-in-One Egg Mellow Cream, 5-in-1 Firming Moisturizer, 1.76 oz (50 g)",AU$46.88,989,4.4/5 - 160 Reviews
"Too Cool for School, Egg-ssential Skincare Mini Set, 4 Piece Set",AU$20.84,177,4.6/5 - 78 Reviews
"Weleda, Renewing Day Cream, Wild Rose Extracts, 1.0 fl oz (30 ml)",AU$43.02,160,4.5/5 - 63 Reviews
"Jergens, Weightless Wet Skin Moisturizer, 10 fl oz (295 ml)",AU$12.83,78,4.6/5 - 197 Reviews
"d'Alba, White Truffle, Multi Treatment Eye Cream, 1.01 oz (30 ml)",AU$57.38,63,5/5 - 8 Reviews
"RoC, Retinol Correxion, Deep Wrinkle Daily Moisturizer, SPF 30, 1 fl oz (30 ml)",AU$39.83,197,4.5/5 - 139 Reviews
"Andalou Naturals, Age Defying Day To Night, 3 Piece Kit",AU$15.92,8,4.3/5 - 193 Reviews
"Jergens, Weightless Wet Skin Moisturizer, Argan Oil, 10 fl oz (295 ml)",AU$12.83,139,4.8/5 - 72 Reviews
"Christopher's Original Formulas, Beauty Facial Cream, 2 oz",AU$23.81,193,4.4/5 - 181 Reviews
"Pura D'or, Organic Argan Oil, 4 fl oz (118 ml)",AU$47.80,72,4.5/5 - 159 Reviews
"Desert Essence, Organic Coconut, Organic Jojoba & Pure Coffee Oil, 4 fl oz (118 ml)",AU$21.66,181,4.5/5 - 43 Reviews
"Elizavecca, Skin Liar Primer, 1.01 fl oz (30 ml)",AU$12.21,159,4.6/5 - 317 Reviews
"Weleda, Sheer Hydration Moisture Mist, 3.4 fl oz (100 ml)",AU$21.40,43,4.8/5 - 61 Reviews
"Dear, Klairs, Fundamental Nourishing Eye Butter, 0.7 oz (20 g)",AU$35.86,317,4.5/5 - 77 Reviews
"Baebody, Retinol Moisturizer, 1.7 fl oz (50 ml)",AU$31.80,61,4.7/5 - 85 Reviews
"Uriage, Xemose, Face Cream, Fragrance-Free, 1.35 fl oz (40 ml)",AU$28.69,77,4.6/5 - 200 Reviews
"Naturie, Hatomugi Skin Conditioning Gel , 6.35 oz (180 g)",AU$22.30,85,4.8/5 - 66 Reviews
"iUNIK, Beta-Glucan Daily Moisture Cream, 2.02 fl oz (60 ml)",AU$20.40,200,4.4/5 - 13 Reviews
"Missha, Atelo Collagen, Power Plumping Cream,  1.35 fl oz (40 ml)",AU$39.79,66,5/5 - 1 Reviews
"Yes To, Avocado, Daily Eye Cream, Fragrance-Free, 0.5 fl oz (15 ml)",AU$17.52,13,4.7/5 - 60 Reviews
"Manuka Doctor, Eye Cream with Manuka Honey, 0.51 fl oz (15 ml)",AU$15.06,1,4.5/5 - 83 Reviews
"Jeffrey James Botanicals, Retinol Restore Creme, 2.0 oz (59 ml)",AU$59.61,60,4.3/5 - 392 Reviews
"Dr. Belmeur, Clarifying, Facial Moisturizer, 4 fl oz (120 ml)",AU$28.77,83,4.4/5 - 129 Reviews
"Home Health, Goji Berry Facial Cream, 4 oz (113 g)",AU$22.30,392,4.7/5 - 101 Reviews
"Olay, Age Defying, Classic, Eye Gel, 0.5 fl oz (15 ml)",AU$20.58,129,4.5/5 - 100 Reviews
"Trilogy, Age-Proof, Line Smoothing Day Cream, 1.69 fl oz (50 ml)",AU$70.45,101,4.8/5 - 286 Reviews
"Pixi Beauty, Overnight Retinol Oil, Smoothing Night Oil, 1 fl oz (30 ml)",AU$38.25,100,4.5/5 - 75 Reviews
"Dear, Klairs, Daily Skin Hydrating Water, 16.90 fl oz (500 ml)",AU$40.64,286,4.6/5 - 209 Reviews
"Andalou Naturals, Rejuvenating Serum, Plant-Based Retinol Alternative, Age Defying, 1 fl oz (30 ml)",AU$44.61,75,4.8/5 - 177 Reviews
"Innisfree, Green Tea Seed Eye Cream, 1.01 fl oz (30 ml)",AU$36.34,209,4.4/5 - 85 Reviews
"Innisfree, Green Tea Seed Cream, 1.69 fl oz (50 ml)",AU$34.46,177,4.6/5 - 80 Reviews
"Advanced Clinicals, Hemp Seed Oil + Vitamin E,  Micronutrient Facial Mist, 8 fl oz (237 ml)",AU$15.94,85,4.6/5 - 100 Reviews
"Cosrx, Balancium, B5 D-Panthenol Cream, 1.69 fl oz (50 ml)",AU$41.44,80,4.6/5 - 44 Reviews
"InstaNatural, Hyaluronic Oil Free Moisturizer, 1.7 fl oz (50 ml)",AU$28.65,100,4.4/5 - 389 Reviews
"Trilogy, Sensitive, Very Gentle Moisturising Cream, 2 fl oz (60 ml)",AU$67.74,44,4.4/5 - 557 Reviews
"Pixi Beauty, Rose Oil Blend, Nourishing Face Oil, with Rose & Pomegranate Oils, 1.01 fl oz (30 ml)",AU$38.25,389,4.6/5 - 629 Reviews
"Sibu Beauty, Sea Berry Therapy, Nourishing Face Cream, 1 fl oz (30 ml)",AU$31.81,557,4.5/5 - 229 Reviews
"Elizavecca, Moisture Hyaluronic Acid Memory Cream, 3.53 oz (100 g)",AU$21.93,629,4.7/5 - 70 Reviews
"Pacifica, Dreamy Youth, Day and Night Face Cream, All Skin Types, 1.7 fl oz (50 ml)",AU$25.50,229,4.5/5 - 419 Reviews
"Dear, Klairs, Supple Preparation All Over Lotion, 8.45 oz (250 ml)",AU$37.23,70,4.6/5 - 141 Reviews
"Andalou Naturals, Oil-Free Moisturizer, Acai + Kombucha, 2.1 fl oz (62 ml)",AU$43.02,419,4.6/5 - 200 Reviews
"Weleda, Awakening Day Cream, Pomegranate Extracts, 1.0 fl oz (30 ml)",AU$42.92,141,4.8/5 - 66 Reviews
"iUNIK, Beta-Glucan Daily Moisture Cream, 2.02 fl oz (60 ml)",AU$20.40,200,4.4/5 - 13 Reviews
"Missha, Atelo Collagen, Power Plumping Cream,  1.35 fl oz (40 ml)",AU$39.79,66,5/5 - 1 Reviews
"Yes To, Avocado, Daily Eye Cream, Fragrance-Free, 0.5 fl oz (15 ml)",AU$17.52,13,4.7/5 - 60 Reviews
"Manuka Doctor, Eye Cream with Manuka Honey, 0.51 fl oz (15 ml)",AU$15.06,1,4.5/5 - 83 Reviews
"Jeffrey James Botanicals, Retinol Restore Creme, 2.0 oz (59 ml)",AU$59.61,60,4.3/5 - 392 Reviews
"Dr. Belmeur, Clarifying, Facial Moisturizer, 4 fl oz (120 ml)",AU$28.77,83,4.4/5 - 129 Reviews
"Home Health, Goji Berry Facial Cream, 4 oz (113 g)",AU$22.30,392,4.7/5 - 101 Reviews
"Olay, Age Defying, Classic, Eye Gel, 0.5 fl oz (15 ml)",AU$20.58,129,4.5/5 - 100 Reviews
"Trilogy, Age-Proof, Line Smoothing Day Cream, 1.69 fl oz (50 ml)",AU$70.45,101,4.8/5 - 286 Reviews
"Pixi Beauty, Overnight Retinol Oil, Smoothing Night Oil, 1 fl oz (30 ml)",AU$38.25,100,4.5/5 - 75 Reviews
"Dear, Klairs, Daily Skin Hydrating Water, 16.90 fl oz (500 ml)",AU$40.64,286,4.6/5 - 209 Reviews
"Andalou Naturals, Rejuvenating Serum, Plant-Based Retinol Alternative, Age Defying, 1 fl oz (30 ml)",AU$44.61,75,4.8/5 - 177 Reviews
"Innisfree, Green Tea Seed Eye Cream, 1.01 fl oz (30 ml)",AU$36.34,209,4.4/5 - 85 Reviews
"Innisfree, Green Tea Seed Cream, 1.69 fl oz (50 ml)",AU$34.46,177,4.6/5 - 44 Reviews
"Advanced Clinicals, Hemp Seed Oil + Vitamin E,  Micronutrient Facial Mist, 8 fl oz (237 ml)",AU$15.94,85,4.4/5 - 557 Reviews
"Trilogy, Sensitive, Very Gentle Moisturising Cream, 2 fl oz (60 ml)",AU$67.74,44,4.6/5 - 629 Reviews
"Sibu Beauty, Sea Berry Therapy, Nourishing Face Cream, 1 fl oz (30 ml)",AU$31.81,557,4.5/5 - 229 Reviews
"Elizavecca, Moisture Hyaluronic Acid Memory Cream, 3.53 oz (100 g)",AU$21.93,629,4.7/5 - 70 Reviews
"Pacifica, Dreamy Youth, Day and Night Face Cream, All Skin Types, 1.7 fl oz (50 ml)",AU$25.50,229,4.8/5 - 478 Reviews
"Dear, Klairs, Supple Preparation All Over Lotion, 8.45 oz (250 ml)",AU$37.23,70,4.6/5 - 104 Reviews
"Dear, Klairs, Fundamental Watery Oil Drop, 1.7 fl oz (50 ml)",AU$45.43,478,4.7/5 - 12 Reviews
"d'Alba, Peptide No-Sebum, Repair Cream, 1.69 fl oz (50 ml)",AU$40.17,104,4.7/5 - 27 Reviews
"Secret Key, Snail Repairing Cream,  1.76 oz (50 g)",AU$21.20,12,4.5/5 - 255 Reviews
"Andalou Naturals, Multi-Correcting Cream, Bio-Designed Collagen + Hyaluronic Acid, 1.7 fl oz (50 ml)",AU$43.02,27,5/5 - 4 Reviews
"Innisfree, Green Tea Seed Eye & Face Ball, 0.33 fl oz (10 ml)",AU$30.43,255,4.4/5 - 72 Reviews
"Andalou Naturals, Brightening Day to Night, 3 Piece Kit",AU$15.92,4,4.7/5 - 49 Reviews
"Physicians Formula, 24-Karat Gold Collagen Moisturizer, 1.35 fl oz (40 ml)",AU$27.08,72,4.3/5 - 234 Reviews
"The Saem, Jeju Fresh Aloe, 89% Aloe Vera Cream, 1.69 fl oz (50 ml)",AU$17.35,49,4.6/5 - 80 Reviews
"Sebamed USA, Moisturizing Cream, 2.6 fl oz (75 ml)",AU$22.16,234,4.5/5 - 86 Reviews
"Marlowe, Men's Facial Moisturizer, No. 123, 6 fl oz (177.4 ml)",AU$19.87,80,4.6/5 - 609 Reviews
"Garnier, SkinActive, Moisture Rescue Refreshing Gel-Cream, Normal/Combo Skin, 1.7 oz (50 g)",AU$17.09,86,4.3/5 - 206 Reviews
"Petitfee, Pep-Tightening Eye Cream, 1.05 oz (30 g)",AU$21.32,609,4.6/5 - 120 Reviews
"Weleda, Sensitive Care Facial Cream, Almond Extracts, 1.0 fl oz (30 ml)",AU$43.02,206,4.6/5 - 49 Reviews
"Jergens, Deep Restoring Argan Moisturizer, Oil-Infused, 16.8 fl oz (496 ml)",AU$13.26,120,4.6/5 - 107 Reviews
"Sky Organics, Organic Rosehip Oil, 1 fl oz (30 ml)",AU$20.43,49,4.8/5 - 15 Reviews
"Scinic, Snail Matrix Eye Cream, 1.01 fl oz (30 ml)",AU$17.56,107,5/5 - 3 Reviews
"Mizon, Water Volume EX Cream, 3.38 fl oz (100 ml)",AU$17.05,15,4.7/5 - 31 Reviews
"Secret Key, Starting Treatment Eye Cream, 1.06 oz (30 g)",AU$16.74,3,4.7/5 - 176 Reviews
"Missha, Glow Skin Balm, 1.69 fl oz (50 ml)",AU$22.11,31,5/5 - 4 Reviews
"Cliganic, Organic Castor Oil, 16 fl oz (473 ml)",AU$27.08,176,4.3/5 - 3148 Reviews
"RapidLash, RapidRenew, Skin Perfecting Polish, 2.5 oz (72 g)",AU$55.71,4,4.3/5 - 313 Reviews
"Too Cool for School, Rules of Mastic, IX Enhancer, 2.82 oz (80 g)",AU$38.16,3148,4.3/5 - 365 Reviews
"White Egret Personal Care, Retinyl Night Cream, 2 fl oz (59 ml)",AU$23.18,313,4.6/5 - 117 Reviews
"Andalou Naturals, 1000 Roses, Eye Revive Contour Gel, Sensitive, 0.6 fl oz (18 ml)",AU$31.86,365,4.5/5 - 313 Reviews
"Olay, Complete, UV365 Daily Moisturizer with Sunscreen , SPF 15, Oily, 6 oz (177 ml)",AU$20.45,117,4.3/5 - 234 Reviews
"Pyunkang Yul, Balancing Gel, 2 fl oz (60 ml)",AU$28.69,313,4.5/5 - 86 Reviews
"Sebamed USA, Moisturizing Cream, 2.6 fl oz (75 ml)",AU$22.16,234,4.6/5 - 609 Reviews
"Garnier, SkinActive, Moisture Rescue Refreshing Gel-Cream, Normal/Combo Skin, 1.7 oz (50 g)",AU$17.09,86,4.3/5 - 206 Reviews
"Petitfee, Pep-Tightening Eye Cream, 1.05 oz (30 g)",AU$21.32,609,4.6/5 - 120 Reviews
"Weleda, Sensitive Care Facial Cream, Almond Extracts, 1.0 fl oz (30 ml)",AU$43.02,206,4.6/5 - 49 Reviews
"Jergens, Deep Restoring Argan Moisturizer, Oil-Infused, 16.8 fl oz (496 ml)",AU$13.26,120,4.6/5 - 107 Reviews
"Sky Organics, Organic Rosehip Oil, 1 fl oz (30 ml)",AU$20.43,49,4.8/5 - 15 Reviews
"Scinic, Snail Matrix Eye Cream, 1.01 fl oz (30 ml)",AU$17.56,107,5/5 - 3 Reviews
"Mizon, Water Volume EX Cream, 3.38 fl oz (100 ml)",AU$17.05,15,4.7/5 - 31 Reviews
"Secret Key, Starting Treatment Eye Cream, 1.06 oz (30 g)",AU$16.74,3,4.7/5 - 176 Reviews
"Missha, Glow Skin Balm, 1.69 fl oz (50 ml)",AU$22.11,31,5/5 - 4 Reviews
"Cliganic, Organic Castor Oil, 16 fl oz (473 ml)",AU$27.08,176,4.3/5 - 3148 Reviews
"RapidLash, RapidRenew, Skin Perfecting Polish, 2.5 oz (72 g)",AU$55.71,4,4.3/5 - 313 Reviews
"Too Cool for School, Rules of Mastic, IX Enhancer, 2.82 oz (80 g)",AU$38.16,3148,4.3/5 - 365 Reviews
"White Egret Personal Care, Retinyl Night Cream, 2 fl oz (59 ml)",AU$23.18,313,4.6/5 - 117 Reviews
"Andalou Naturals, 1000 Roses, Eye Revive Contour Gel, Sensitive, 0.6 fl oz (18 ml)",AU$31.86,365,4.5/5 - 313 Reviews
"Olay, Complete, UV365 Daily Moisturizer with Sunscreen , SPF 15, Oily, 6 oz (177 ml)",AU$20.45,117,4.3/5 - 53 Reviews
"Pyunkang Yul, Balancing Gel, 2 fl oz (60 ml)",AU$28.69,313,4.3/5 - 224 Reviews
"Now Foods, Solutions, Hyaluronic Acid Hydration Facial Mist, 4 fl oz (118 ml)",AU$15.56,53,4.6/5 - 62 Reviews
"E.L.F., Nourishing Night Cream, 1.76 oz (50 g)",AU$24.66,224,4.3/5 - 41 Reviews
"Skin&Lab, Dr. Vita Clinic, A Plus Lifting Cream, Vitamin A, 30 ml",AU$17.66,62,4.7/5 - 62 Reviews
"The Honest Company, Gently Nourishing Face + Body Lotion, Sweet Almond, 8.5 fl oz (250 ml)",AU$19.11,41,4.6/5 - 39 Reviews
"Earth Science, Almond-Aloe Moisturizer, Fragrance Free, 5 fl oz (150 ml)",AU$14.33,62,4.8/5 - 49 Reviews
"Innisfree, Jeju Hallabong Daily Skin Bright, Brightening Pore Sleeping Mask, 3.38 fl oz (100 ml)",AU$31.88,39,4.8/5 - 180 Reviews
"Dr. Ceuracle, Royal Vita Propolis, 33 Cream, 1.76 oz (50 g)",AU$40.97,49,4.5/5 - 90 Reviews
"Too Cool for School, Pumpkin Sleeping Pack, 3.38 fl oz (100 ml)",AU$26.04,180,4.4/5 - 69 Reviews
"Cosmedica Skincare, Multi-Active Hydrating Night Cream, Advanced Anti-Aging Formula, 1.76 oz (50 g)",AU$35.07,90,4.4/5 - 70 Reviews
"L'Oreal, Age Perfect, Night Cream, 2.5 oz (70 g)",AU$33.94,69,4.8/5 - 112 Reviews
"Clean & Clear, Watermelon Gel Moisturizer, 1.7 oz ( 48 g)",AU$11.24,70,4.7/5 - 103 Reviews
"Coxir, Ultra Hyaluronic, Emulsion, 3.38 oz (100 ml)",AU$15.97,112,4.2/5 - 30 Reviews
"Isntree, Hyaluronic Acid, Moist Cream, 3.38 fl oz (100 ml)",AU$37.22,103,4.7/5 - 11 Reviews
"Acure, Seriously Soothing, Rose Water & Watermelon Superfine Mist, 2 fl oz (59 ml)",AU$15.32,30,4.6/5 - 55 Reviews
"Secret Key, Snail Repairing Eye Cream, 1.01 fl oz (30 ml)",AU$21.20,11,4.7/5 - 270 Reviews
"Heimish, Cica Live, Repair Cream, 50 ml",AU$32.88,55,4.4/5 - 299 Reviews
"Wishtrend, Quad Active Boosting Essence, 3.38 fl oz (100 ml)",AU$36.60,270,4.8/5 - 37 Reviews
"Manuka Doctor, Replenishing Oil with Manuka Oil, 0.85 fl oz (25 ml)",AU$18.30,,4.5/5 - 522 Reviews
"Avalon Organics, Wrinkle Therapy, With CoQ10 & Rosehip, Night Creme, 1.75 oz (50 g)",AU$36.79,299,4.4/5 - 534 Reviews
"The Saem, Jeju Fresh Aloe, 86% Aloe Vera Emulsion, 5.24 fl oz (155 ml)",AU$17.35,37,4.3/5 - 264 Reviews
"Elizavecca, Aqua Rising Argan Gelato Steam Cream, 100 g",AU$15.43,522,4.8/5 - 113 Reviews
"ZUM, Zum Face, Under Eye Butter, 0.5 oz",AU$22.95,534,4.7/5 - 70 Reviews
"Pixi Beauty, Hydrating Milky Mist, 2.70 fl oz (80 ml)",AU$23.91,264,4.6/5 - 86 Reviews
"Missha, Super Aqua, Ultra Hyalron Balm Cream Original, 2.36 fl oz (70 ml)",AU$32.67,113,4.7/5 - 113 Reviews
"Sana, Nameraka Isoflavone,  Facial Milk, 5 fl oz (150 ml)",AU$23.87,70,4.6/5 - 13 Reviews
"Isntree, Aloe Soothing Gel,  Aloe Vera 80%, 5.07 fl oz (150 ml)",AU$20.72,86,4.4/5 - 12 Reviews
"Andalou Naturals, Rejuvenating Cream, Plant-Based Retinol Alternative, Age Defying, 1.7 oz (50 g)",AU$44.61,113,4.8/5 - 125 Reviews
"Secret Key, Multi Cell Night Repair Ampoule, 1.69 fl oz (50 ml)",AU$27.89,13,4.4/5 - 30 Reviews
"Etude, Precious Mineral BB Cream Moist, SPF50+/PA+++, Vanilla, 1.58 oz (45 g)",AU$15.22,12,4.8/5 - 37 Reviews
"Maryann Organics, Hydro Care, Face Moisturizer Water Gel-Cream, 1.7 fl oz",AU$39.67,125,4.5/5 - 522 Reviews
"L'Oreal, Age Perfect, Day Cream, SPF 15, 2.5 oz (70 g)",AU$33.94,30,4.4/5 - 534 Reviews
"The Saem, Jeju Fresh Aloe, 86% Aloe Vera Emulsion, 5.24 fl oz (155 ml)",AU$17.35,37,4.8/5 - 113 Reviews
"Elizavecca, Aqua Rising Argan Gelato Steam Cream, 100 g",AU$15.43,522,4.3/5 - 264 Reviews
"ZUM, Zum Face, Under Eye Butter, 0.5 oz",AU$22.95,534,4.7/5 - 70 Reviews
"Missha, Super Aqua, Ultra Hyalron Balm Cream Original, 2.36 fl oz (70 ml)",AU$32.67,113,4.6/5 - 86 Reviews
"Pixi Beauty, Hydrating Milky Mist, 2.70 fl oz (80 ml)",AU$23.91,264,4.7/5 - 113 Reviews
"Sana, Nameraka Isoflavone,  Facial Milk, 5 fl oz (150 ml)",AU$23.87,70,4.6/5 - 13 Reviews
"Isntree, Aloe Soothing Gel,  Aloe Vera 80%, 5.07 fl oz (150 ml)",AU$20.72,86,4.4/5 - 12 Reviews
"Andalou Naturals, Rejuvenating Cream, Plant-Based Retinol Alternative, Age Defying, 1.7 oz (50 g)",AU$44.61,113,4.8/5 - 125 Reviews
"Secret Key, Multi Cell Night Repair Ampoule, 1.69 fl oz (50 ml)",AU$27.89,13,4.4/5 - 41 Reviews
"Etude, Precious Mineral BB Cream Moist, SPF50+/PA+++, Vanilla, 1.58 oz (45 g)",AU$15.22,12,4.4/5 - 30 Reviews
"Maryann Organics, Hydro Care, Face Moisturizer Water Gel-Cream, 1.7 fl oz",AU$39.67,125,4.7/5 - 338 Reviews
"Olay, Eyes, Eye Lifting Serum, .5 fl oz (15 ml)",AU$48.00,41,4.5/5 - 140 Reviews
"L'Oreal, Age Perfect, Day Cream, SPF 15, 2.5 oz (70 g)",AU$33.94,30,4.6/5 - 18 Reviews
"Elizavecca, Milky Piggy, Herb Soul Hydro Aqua Jella Pack, 8.45 fl oz (250 ml)",AU$10.17,338,4/5 - 69 Reviews
"Weleda, Renewing Night Cream, Wild Rose Extracts, 1.0 fl oz (30 ml)",AU$43.02,140,4.3/5 - 75 Reviews
"FromNature, Aloe Vera, 98%, Moisture Soothing Essence, 50 ml",AU$19.57,18,4.2/5 - 76 Reviews
"Derma E, Ultra Hydrating Alkaline Water Eye Gel, 0.5 oz (14 g)",AU$22.05,69,4.5/5 - 28 Reviews
"The Honest Company, Truly Calming Face + Body Lotion, Lavender, 8.5 fl oz (250 ml)",AU$19.11,75,4.3/5 - 12 Reviews
"Acure, Brightening Vitamin C Superfine Mist, 2 fl oz (59 ml)",AU$15.32,76,4.7/5 - 71 Reviews
"Bag Balm, Sport, Skin Moisturizer, Hand & Body, For Dry Skin,  2 oz",AU$7.50,28,4.3/5 - 66 Reviews
"Cetaphil, Deep Hydration, Refreshing Eye Serum, 0.5 fl oz (15 ml)",AU$33.31,12,4.7/5 - 34 Reviews
"Lilyana Naturals, Eye Cream, Anti-Aging Moisturizer, 1.7 oz (48 g)",AU$47.82,,4.2/5 - 4 Reviews
"Lumin, Dark Circle Defense, 1 oz (30 ml)",AU$48.07,,4.5/5 - 120 Reviews
"Kikumasamune, Sake Skin Care Essence, 5 fl oz (150 ml)",AU$34.43,71,4.7/5 - 80 Reviews
"Physicians Formula, 24-Karat Gold Collagen Eye Cream, 0.43 fl oz (12.8 ml)",AU$27.08,66,4.8/5 - 5 Reviews
"Skinfood, Avocado Rich Cream, 1.86 fl oz (55 ml)",AU$41.44,34,4.6/5 - 59 Reviews
"A'Pieu, Madecassoside Moisture Gel Cream, 1.69 fl oz (50 ml)",AU$15.83,4,4.7/5 - 62 Reviews
"Mizon, Original Skin Energy Placenta 45, 1.01 fl oz (30 ml)",AU$28.64,120,4.6/5 - 124 Reviews
"Coxir, Black Snail Collagen, Cream, 1.69 oz (50 ml)",AU$19.48,80,4.6/5 - 91 Reviews
"iUNIK, Rose Galactomyces Silky Tone-Up Cream, 1.35 fl oz (40 ml)",AU$28.04,5,4.4/5 - 49 Reviews
"Illiyoon, Probiotics Skin Barrier Cica Balm, 1.69 fl oz (50 ml)",AU$25.63,,4.5/5 - 40 Reviews
"Crazy Skin, Trouble Care Sleeping Cream, 50 g",AU$20.40,59,4.4/5 - 115 Reviews
"Formula 10.0.6, Picture Perfect Day, Daily Moisturizer with SPF 15 Broad Spectrum Sunscreen, 2.54 fl oz (75 ml)",AU$11.62,62,4.4/5 - 104 Reviews
"RoC, Multi Correxion, Even Tone + Lift, 5 In 1 Chest, Neck & Face Cream, SPF 30, 1.7 oz (48 g)",AU$47.80,124,4.5/5 - 116 Reviews
"Whamisa, Organic Flowers, Water Cream, 1.7 fl oz (51 ml)",AU$55.79,91,4.7/5 - 225 Reviews
"Now Foods, Solutions, Facial Oil, Nourish, 1 fl oz (30 ml)",AU$17.96,49,4.6/5 - 54 Reviews
"L'Oreal, Revitalift Bright Reveal, Brightening Day Moisturizer, SPF 30, 1 fl oz (30 ml)",AU$33.94,40,4.7/5 - 30 Reviews
"Some By Mi, H7 Hydro Max Cream, 1.69 fl oz (50 ml)",AU$23.80,115,4.8/5 - 23 Reviews
"Weleda, Renewing Lotion, Wild Rose Extracts, 1.0 fl oz (30 ml)",AU$37.09,104,5/5 - 8 Reviews
"Weleda, Sensitive Care Facial Lotion, Almond Extracts, 1.0 fl oz (30 ml)",AU$36.88,116,4.5/5 - 11 Reviews
"Medi-Peel, Peptide 9, Aqua Essence, Emulsion, 8.45 fl oz (250 ml)",AU$39.99,225,4.5/5 - 155 Reviews
"Secret Key, Starting Treatment Rose Ampoule, 1.69 fl oz (50 ml)",AU$33.47,54,4.4/5 - 9 Reviews
"Farmstay, It's Real Escargot Gel Mist, 120 ml",AU$6.21,30,5/5 - 1 Reviews
"Real Barrier, Extreme Cream, 1.69 fl oz (50 ml)",AU$48.45,23,4.5/5 - 100 Reviews
"Real Barrier, Cicarelief Cream, 1.05 oz (30 g)",AU$33.15,8,4.8/5 - 6 Reviews
"Pacifica, Vegan Collagen, Recovery Eye Cream, 0.5 fl oz (15 ml)",AU$25.50,11,4.3/5 - 3 Reviews
"Burt's Bees, Firming Moisturizing Cream, Renewal, 1.8 oz (51 g)",AU$31.86,,4.3/5 - 30 Reviews
"Life Extension, Cosmesis Skin Care, Tightening & Firming Neck Cream, 2 oz. (56 g)",AU$57.74,155,4.7/5 - 66 Reviews
"Pacifica, Vegan Collagen, Overnight Recovery Cream, 1.7 fl oz (50 ml)",AU$38.25,9,4.5/5 - 281 Reviews
"Embryolisse, Multi-Function Nourishing Moisturizer, Sensitive, 3.38 fl oz (100 ml)",AU$47.82,1,4.4/5 - 10 Reviews
"Trilogy, Vital Moisturising Cream, 2.0 fl oz (60 ml)",AU$62.32,100,4.5/5 - 76 Reviews
"Petitfee, Cica Calm Face Mist, 90 ml",AU$18.07,6,4.8/5 - 28 Reviews
"A'Pieu, Madecassoside Ampoule 2x, 1.01 fl oz (30 ml)",AU$23.83,3,4.8/5 - 33 Reviews
"Garnier, SkinActive, Moisture Rescue, Refreshing Gel-Cream, Dry Skin, 1.7 oz (50 g)",AU$17.09,30,4.5/5 - 26 Reviews
"Trilogy, Rosapene Night Cream, 2 fl oz (60 ml)",AU$69.09,66,4.6/5 - 37 Reviews
"Aura Cacia, Organic Deep Rosehip Essentials Facial Oil Serum, Geranium & Clary Sage, 1 fl oz (30 ml)",AU$21.80,281,4.7/5 - 600 Reviews
"FromNature, Aloe Vera, 98% Moisture Soothing Lotion, 125 ml",AU$17.32,10,3.7/5 - 45 Reviews
"Aromatica, Soothing Aloe Aqua Cream, 5.07 oz (150 g)",AU$25.50,76,4.7/5 - 47 Reviews
"Laneige, Water Bank, Hydro Essence, 70 ml",AU$56.95,28,4.4/5 - 112 Reviews
"Coxir, Ultra Hyaluronic, Ampoule, 1.69 oz (50 ml)",AU$19.89,33,4.9/5 - 11 Reviews
"Acure, Resurfacing, Dewy All Day Moisturizer, 1 fl oz (30 ml)",AU$22.41,26,5/5 - 2 Reviews
"Trilogy, Vitamin C Moisturizing Lotion, 1.69 fl oz (50 ml)",AU$62.32,37,4.2/5 - 22 Reviews
"Derma E, Brightening & Hydrating Trio, 3 Piece Set, 1/2 oz Each",AU$15.12,600,3.6/5 - 12 Reviews
"Acure, Ultra Hydrating, Facial Gel Cream, 1 fl oz (30 ml)",AU$23.59,45,4.5/5 - 70 Reviews
"Pyunkang Yul, Calming Moisture Repair Balm, 1.01 fl oz (30 ml)",AU$21.37,47,4.9/5 - 11 Reviews
"SheaMoisture, African Black Soap, Balancing Moisturizer, 2 oz (57 g)",AU$17.06,112,5/5 - 2 Reviews
"Andalou Naturals, CannaCell, Happy Day Cream, 1.7 oz (50 g)",AU$33.46,11,4.2/5 - 22 Reviews
"Illiyoon, Probiotics Skin Barrier Eye Serum, 0.84 fl oz (25 ml)",AU$30.43,2,3.6/5 - 12 Reviews
"Sukin, Purely Ageless, Reviving Eye Cream, 0.85 fl oz (25 ml)",AU$25.49,22,4.5/5 - 70 Reviews
"RoC, Multi Correxion, Hydrate + Plump Moisturizer, SPF 30, 1.7 fl oz (50 ml)",AU$44.09,12,4.6/5 - 24 Reviews
"M3 Naturals, Retinol Moisturizer for Women, 1 fl oz (30 ml)",AU$28.15,,4.7/5 - 17 Reviews
"Cosrx, Pure Fit, Cica Cream, 1.69 fl oz (50 ml)",AU$43.55,70,4.5/5 - 55 Reviews
"Andalou Naturals, CannaCell, Happy Day Cream, 1.7 oz (50 g)",AU$33.46,11,4.6/5 - 17 Reviews
"Illiyoon, Probiotics Skin Barrier Eye Serum, 0.84 fl oz (25 ml)",AU$30.43,2,4.4/5 - 112 Reviews
"Sukin, Purely Ageless, Reviving Eye Cream, 0.85 fl oz (25 ml)",AU$25.49,22,4.3/5 - 46 Reviews
"RoC, Multi Correxion, Hydrate + Plump Moisturizer, SPF 30, 1.7 fl oz (50 ml)",AU$44.09,12,4.5/5 - 19 Reviews
"M3 Naturals, Retinol Moisturizer for Women, 1 fl oz (30 ml)",AU$28.15,,4.8/5 - 4 Reviews
"Cosrx, Pure Fit, Cica Cream, 1.69 fl oz (50 ml)",AU$43.55,70,4.3/5 - 21 Reviews
"Uriage, Xemose, Lipid-Replenishing Anti-Irritation Cerat, Fragrance-Free, 6.8 fl oz (200 ml)",AU$39.85,24,5/5 - 2 Reviews
"Beplain, Cicaful Calming Gel,  2.7 fl oz (80 ml)",AU$27.89,17,4.9/5 - 8 Reviews
"Olay, Total Effects, 7-in-One Eye Transforming Cream, 0.5 oz (14 g)",AU$41.70,55,4.3/5 - 7 Reviews
"Trilogy, Sensitive, Very Gentle Restoring Oil, 1.01 fl oz (30 ml)",AU$60.97,17,4.7/5 - 33 Reviews
"Cosmedica Skincare, Vitamin C Facial Day Cream, 2 oz (60 ml)",AU$28.69,112,4.9/5 - 10 Reviews
"Acure, Ultra Hydrating, Cucumber & Hyaluronic Superfine Mist, 2 fl oz (59 ml)",AU$15.32,46,4.3/5 - 310 Reviews
"Bioderma, Sensibio, Eye Contour Gel, 0.5 fl oz (15 ml)",AU$33.46,19,4.8/5 - 53 Reviews
"Cremo, Defender Series, Eye Cream with Retinol, 0.5 fl oz (15 ml)",AU$23.59,4,4.5/5 - 41 Reviews
"Mizon, Snail Repair Intensive BB Cream, SPF 50+ PA+++, #31, 1.76 oz (50 ml)",AU$16.90,21,4.3/5 - 168 Reviews
"M3 Naturals, Eye Cream, 1.7 fl oz (50 ml)",AU$34.45,2,4.5/5 - 78 Reviews
"Trilane, Retinol + Vitamin C, 1 fl oz (30 ml)",AU$38.25,8,4.8/5 - 4 Reviews
"Beplain, Hyaluronic Aqua Moisturizer, 2.7 fl oz (80 ml)",AU$28.67,7,4.4/5 - 24 Reviews
"The Saem, Urban Eco Harakeke Emulsion, 4.39 fl oz (130 ml)",AU$24.17,33,4.7/5 - 32 Reviews
"Dr. Ceuracle, Tea Tree Purifine, 80 Cream, 1.76 oz (50 g)",AU$35.85,10,4/5 - 1 Reviews
"Reviva Labs, InterCell, Hyaluronic Acid Night Gel, Hydrating, 1.5 oz (42 g)",AU$21.52,310,5/5 - 3 Reviews
"Olay, Regenerist, Micro-Sculpting Cream, 1.7 oz (48 g)",AU$50.42,53,3.7/5 - 3 Reviews
"L'Oreal, Revitalift Anti-Wrinkle & Firming, Eye Treatment, 0.5 fl oz (14 g)",AU$33.94,41,2.3/5 - 3 Reviews
"Pixi Beauty, Vitamin Wakeup Mist, 2.70 fl oz (80 ml)",AU$23.91,168,4.7/5 - 15 Reviews
"9Wishes, Ampule Serum, Hydra, 0.85 fl oz (25 ml)",AU$24.55,78,3.8/5 - 11 Reviews
"Purlisse, Blue Lotus, Balancing Moisturizer, 1.7 fl oz (50 ml)",AU$36.72,4,4.3/5 - 10 Reviews
"Acure, Ultra Hydrating, Watermelon Seed Oil, 1 fl oz (30 ml)",AU$23.59,24,5/5 - 12 Reviews
"Farmstay, Escargot Noblesse Intensive Ampoule, 250 ml",AU$14.60,32,4.9/5 - 8 Reviews
"Bioderma, Hydrabio, Rich Moisturising Care Cream, 1.67 fl oz (50 ml)",AU$39.83,1,4.3/5 - 778 Reviews
"Honeyskin, Ultimate Face & Body Cream, 4 oz (113 g)",AU$31.88,3,4.4/5 - 346 Reviews
"Hero Cosmetics, Force Shield, Supercharged Reset Mist, 1.69 fl oz (50 ml)",AU$15.75,3,4.8/5 - 97 Reviews
"Manuka Doctor, Clarifying Moisturizer with Manuka Honey, 1.69 fl oz (50 ml)",AU$24.75,,4.4/5 - 17 Reviews
"Acure, Ultra Hydrating Plant Ceramide Daily Facial Lotion, 1.7 fl oz (50 ml)",AU$23.59,3,4.3/5 - 108 Reviews
"Uriage, DS, Regulating Soothing Emulsion, Fragrance-Free, 1.35 fl oz (40 ml)",AU$30.28,15,4.5/5 - 15 Reviews
"Cococare, Hydrating Facial Mist, Lavender, 4 fl oz (118 ml)",AU$9.82,11,4.7/5 - 27 Reviews
"RoC, Multi Correxion, Crepe Repair, Face & Neck Cream, 1.7 oz (48 g)",AU$42.05,10,4.5/5 - 89 Reviews
"Sunny Isle, Organic Jojoba Oil, 4 fl oz ",AU$17.52,12,4.7/5 - 17 Reviews
"Teami, Soothe, Tea Infused Oil, Lavender Sage, 2 oz",AU$44.61,8,4.9/5 - 9 Reviews
"Now Foods, Solutions, Hyaluronic Acid PM Creme, 2 fl oz (59 ml)",AU$22.76,778,4.6/5 - 7 Reviews
"Reviva Labs, InterCell, Hyaluronic Acid Day Cream, 1.5 oz (42 g)",AU$21.52,346,4.4/5 - 61 Reviews
"Huxley, Secret of Sahara, Cream; Fresh and More, 1.69 fl oz (50 ml)",AU$31.19,97,4.4/5 - 103 Reviews
"Kitao, Matcha & Chia, Facial Cream, 1.7 fl oz (50 g)",AU$30.60,17,4.6/5 - 49 Reviews
"Baebody, Eye Gel, 1.7 fl oz (50 ml)",AU$39.77,108,4.6/5 - 87 Reviews
"The Creme Shop, Hello Kitty, Pink Water Creme,  1.69 oz (50 ml)",AU$25.50,15,4.5/5 - 122 Reviews
"Haruharu, Wonder, Black Rice Hyaluronic Essence, 1.6 fl oz (50 ml)",AU$26.35,27,5/5 - 5 Reviews
"Haruharu, Wonder, Black Bamboo Mist, 2.7 fl oz (80 ml)",AU$23.59,89,4.9/5 - 15 Reviews
"Andalou Naturals, CannaCell, Dreamy Night Cream, 1.7 oz (50 g)",AU$33.46,17,4.2/5 - 55 Reviews
"Pure Body Naturals, Marula Oil, Cold Pressed, 1 fl oz (30 ml)",AU$14.03,9,4.2/5 - 64 Reviews
"Weleda, Clarifying Lotion, 1 fl oz (30 ml)",AU$23.99,7,4/5 - 21 Reviews
"It's Skin, Mangowhite Brightening Cream, 50 ml",AU$14.74,61,4.6/5 - 50 Reviews
"Skin79, Super+ Beblesh Balm, Original B.B, SPF 50+, PA+++, Orange, 40 ml",AU$33.92,103,4.9/5 - 13 Reviews
"Atopalm, Soothing Gel Lotion, 4.0 fl oz (120 ml)",AU$26.78,49,4.6/5 - 45 Reviews
"Wishtrend, Acid-Duo Hibiscus 63 Cream, 1.7 fl oz (50 ml)",AU$31.56,87,4.5/5 - 52 Reviews
"Pixi Beauty, Skintreats, Vitamin-C Lotion, Brightening Moisturizer, 1.7 fl oz (50 ml)",AU$38.25,122,4.7/5 - 10 Reviews
"Yadah, Cactus Soothing Gel, 3.70 oz (105 g)",AU$14.69,5,5/5 - 7 Reviews
"Beplain, Artemisia Daily Eye Butter, 0.84 fl oz (25 ml)",AU$36.64,15,4.5/5 - 89 Reviews
"Now Foods, Solutions, Facial Oil, Balancing, 1 fl oz (30 ml)",AU$17.96,55,4.6/5 - 97 Reviews
"Now Foods, Solutions, Charcoal Detox Moisturizer, 1 fl oz (30 ml)",AU$15.56,64,5/5 - 14 Reviews
"Cococare, Coconut Moisturizing Gel, 8.5 fl oz (250 ml)",AU$5.79,21,4.9/5 - 43 Reviews
"Secret Key, Starting Treatment Rose Facial Eye Cream, 1.41 oz (40 g)",AU$27.10,50,4.3/5 - 3 Reviews
"Teami, Glow, Tea Infused Facial Oil, Rose Cinnamon, 2 oz",AU$63.74,13,4.5/5 - 72 Reviews
"Scinic, Snail Matrix Skin, 5.07 fl oz (150 ml)",AU$18.22,45,4.7/5 - 18 Reviews
"Ariul, 7 Days Vitamin Mist, Phyto-6 Complex,  5.07 fl oz ( 150 ml)",AU$16.56,52,4.2/5 - 24 Reviews
"Heimish, All Clean Blemish Cream, 60 ml",AU$40.55,10,5/5 - 6 Reviews
"Secret Key, Snail Repairing Emulsion, 5.07 fl oz (150 ml)",AU$17.85,7,4.5/5 - 117 Reviews
"Haruharu, Wonder, Black Bamboo Mist, 5.1 fl oz (150 ml)",AU$33.52,89,4.5/5 - 26 Reviews
"Haruharu, Wonder, Black Rice Facial Oil, 1 fl oz (30 ml)",AU$30.40,97,4.6/5 - 101 Reviews
"Sekkisei, Lotion, 6.7 fl oz (200 ml)",AU$76.51,14,4.5/5 - 51 Reviews
"Real Barrier, Intense Moisture Cream, 1.69 fl oz (50 ml)",AU$40.80,43,4.5/5 - 71 Reviews
"Lumin, Moisturizing Balm, 1.7 oz (50 ml)",AU$48.07,,4.3/5 - 33 Reviews
"Manuka Doctor, Night Cream with Manuka Honey, 1.69 fl oz (50 ml)",AU$24.75,,4/5 - 5 Reviews
"Burt's Bees, Firming Day Lotion, Renewal, SPF 30, 1.8 oz (51 g)",AU$31.86,,4.8/5 - 9 Reviews
"Cos De BAHA, DC, Drying Cream, 1.5 fl oz (45 ml)",AU$19.19,3,5/5 - 1 Reviews
"Reviva Labs, Multi-Factor Brightening Creme, 2 oz (55 g)",AU$50.21,,4.8/5 - 20 Reviews
"It's Skin, Mangowhite, Brightening Emulsion,  150 ml",AU$15.08,72,4.6/5 - 45 Reviews
"Trilane, Lifting & Firming Cream,  1.7 oz (50 ml)",AU$63.74,18,3.8/5 - 4 Reviews
"Cococare, Hydrating Facial Mist, Alcohol-Free, Rose Water, 4 fl oz (118 ml)",AU$9.82,24,4.3/5 - 53 Reviews
"Petitfee, Hydro Cream Face Mist, 90 ml",AU$18.07,6,4.4/5 - 720 Reviews
"Elizavecca, Donkey Piggy, Silky Creamy Donkey Steam, Moisture Milky Cream, 3.53 oz (100 g)",AU$18.63,117,4.4/5 - 21 Reviews
"Embryolisse, Embryoderme, Nourishing, Revitalizing Care, 2.54 fl oz (75 ml)",AU$55.79,26,4.3/5 - 60 Reviews
"Double Dare, Red MPR Glow, 30 ml",AU$44.63,101,4.6/5 - 56 Reviews
"Embryolisse, Hydra-Cream Light, Fresh Moisturizing Care, 1.35 fl oz (40 ml)",AU$31.88,51,4.6/5 - 59 Reviews
"Whamisa, Organic Flowers, Nourishing Cream, 1.7 fl oz (51 ml)",AU$63.76,71,4.7/5 - 47 Reviews
"Leaders, All Filter Mask Zone Mist, 1.69 fl oz (50 ml)",AU$18.17,33,4.6/5 - 56 Reviews
"Garnier, SkinActive, Hydrating Facial Mist, 4.4 fl oz (130 ml)",AU$15.71,5,4.3/5 - 60 Reviews
"Dr. Oracle, 21;Stay, A-Thera Emulsion, 4.05 fl oz (120 ml)",AU$31.22,9,4.7/5 - 82 Reviews
"Yes To, Daily Eye Treatment, Cucumbers, 0.5 fl oz (15 ml)",AU$17.52,1,4.8/5 - 17 Reviews
"Burt's Bees, Daily Moisturizing Cream with Cotton Extract, Sensitive, 1.8 oz (51 g)",AU$23.89,,4.5/5 - 30 Reviews
"Touch in Sol, Pretty Filter, Waterful Glow Cream, 1.76 oz (50 g)",AU$40.71,20,4.4/5 - 21 Reviews
"RE:P, Nutrinature Ultra, Nourishing Cream, 1.69 fl oz (50 ml)",AU$43.62,45,4.3/5 - 248 Reviews
"Pixi Beauty, Clarity Lotion, Oil-Free Moisturizer,  1.7 fl oz (50 ml)",AU$38.25,4,4.7/5 - 14 Reviews
"Embryolisse, Radiant Eye Stick, 0.15 oz (4.5 g)",AU$39.85,53,4.7/5 - 18 Reviews
"Elizavecca, Milky Piggy Sea Salt Cream, 100 g",AU$17.42,720,4.6/5 - 36 Reviews
"Julep, What Your Skin Needs, Restorative Facial Milk, 1 fl oz (29.6 ml)",AU$23.26,21,5/5 - 3 Reviews
"L'Oreal, Hydra Genius, Glow Daily Liquid Care Moisturizer, Normal/Dry Skin, 3.04 fl oz (90 ml)",AU$33.94,60,5/5 - 1 Reviews
"E.L.F., Facial Oil, Nourishing,  0.51 fl oz (15 ml)",AU$20.86,56,4.9/5 - 21 Reviews
"Baebody, Vitamin C Moisturizer, 1.7 fl oz (50 ml)",AU$25.42,59,4.4/5 - 72 Reviews
"Farmstay, All-In-One Ampoule, Aloe, 8.45 fl oz (250 ml)",AU$14.60,47,4.6/5 - 11 Reviews
"E.L.F., Facial Oil, Nourishing,  0.51 fl oz (15 ml)",AU$20.86,56,4.6/5 - 69 Reviews
"L'Oreal, Hydra Genius, Glow Daily Liquid Care Moisturizer, Normal/Dry Skin, 3.04 fl oz (90 ml)",AU$33.94,60,4.4/5 - 32 Reviews
"The Skin House, Marine Active Cream,  50 ml",AU$21.42,82,4.4/5 - 18 Reviews
"Sekkisei, Essential Souffle, 4.9 oz (140 ml)",AU$63.76,17,4.8/5 - 36 Reviews
"SkinRx Lab, MadeCera Cream, Moisture Barrier Ampoule, 0.43 fl oz (13 ml)",AU$22.71,30,4.3/5 - 50 Reviews
"Julep, What Your Skin Needs, Restorative Facial Milk, 1 fl oz (29.6 ml)",AU$23.26,21,4.5/5 - 17 Reviews
"Elizavecca, Peptide 3D Fix Elastic Bubble Facial Cream, 3.53 oz (100 g)",AU$22.35,248,5/5 - 2 Reviews
"Mamonde, Vital Vitamin Cream, 1.69 fl oz (50 ml)",AU$45.09,14,5/5 - 1 Reviews
"Saturday Skin, Freeze Frame, Moisturizing Beauty Essence, 1.69 fl oz (50 ml)",AU$33.22,18,4.6/5 - 69 Reviews
"Huxley, Secret of Sahara, Grab Water Essence, 1.01 fl oz (30 ml)",AU$45.27,36,4.4/5 - 32 Reviews
"AHC, Aqualuronic Cream, 1.69 fl oz (50 ml)",AU$38.87,3,4.4/5 - 18 Reviews
"Yes To, Super Fresh Gel Moisturizer, Watermelon, 1.7 fl oz (50 ml)",AU$20.70,1,4.8/5 - 36 Reviews
"Pure Body Naturals, Sweet Almond Oil, 16 fl oz (473 ml)",AU$19.91,,4.9/5 - 21 Reviews
"The Saem, Jeju Fresh Aloe, 80% Aloe Vera, Essence, 1.18 fl oz (35 ml)",AU$17.35,21,4.7/5 - 63 Reviews
"Physicians Formula, Rose All Night, Ultra-Rich Restorative Cream, 1.6 oz (45 g)",AU$23.88,72,3.7/5 - 12 Reviews
"Rovectin, Skin Essentials Barrier Repair Multi-Oil, 3.4 fl. oz. (100 ml)",AU$33.87,11,4/5 - 2 Reviews
"The Skin House, Marine Active Eye Cream, 1.01 oz (30 ml)",AU$25.50,69,4.4/5 - 35 Reviews
"Beigic, Regenerating Oil, 1.2 oz (35 ml)",AU$49.78,32,5/5 - 2 Reviews
"I Woke Up Like This, Hydra, Moisture Day and Night Cream, 1.69 fl oz (50 ml)",AU$38.73,18,4.7/5 - 3 Reviews
"Nature Republic, Super Aqua Max, Watery Essence, 1.42 fl oz (42 ml)",AU$17.34,36,4.3/5 - 23 Reviews
"Julep, Boost Your Radiance, Anti-Pollution Daily Moisturizer, 1.7 oz (50 g)",AU$23.26,50,4.5/5 - 6 Reviews
"Heritage Store, Aura Glow Gel Cream, Calming Lavender, 1.7 oz (50 g)",AU$30.27,17,5/5 - 1 Reviews
"TruSkin, Hyaluronic Acid Eye Cream, 0.5 fl oz (15 ml)",AU$25.49,2,5/5 - 4 Reviews
"Lilyana Naturals, Retinol 0.5% Eye Cream, 1 oz (30 g)",AU$47.82,,5/5 - 1 Reviews
"Manuka Doctor, Day Cream with Manuka Honey, 1.35 fl oz (40 ml)",AU$24.75,,4.6/5 - 43 Reviews
"Burt's Bees, Firming Eye Cream, Renewal, 0.5 oz (14.1 g)",AU$31.86,1,4.6/5 - 54 Reviews
"The Skin House, Marine Active Eye Cream, 1.01 oz (30 ml)",AU$25.50,69,4.1/5 - 14 Reviews
"Beigic, Regenerating Oil, 1.2 oz (35 ml)",AU$49.78,32,4.6/5 - 7 Reviews
"I Woke Up Like This, Hydra, Moisture Day and Night Cream, 1.69 fl oz (50 ml)",AU$38.73,18,5/5 - 1 Reviews
"Nature Republic, Super Aqua Max, Watery Essence, 1.42 fl oz (42 ml)",AU$17.34,36,4.3/5 - 84 Reviews
"ReserveAge Nutrition, Beauty Firming Face Cream, 1.7 oz (50 ml)",AU$91.78,,4/5 - 24 Reviews
"The Saem, Jeju Fresh Aloe, 80% Aloe Vera, Essence, 1.18 fl oz (35 ml)",AU$17.35,21,4.5/5 - 36 Reviews
"Elizavecca, Milky Piggy, Origin Ma Cream, 100 g",AU$21.09,63,4.5/5 - 2 Reviews
"Rovectin, Skin Essentials Barrier Repair Face Oil, 1.1 fl oz (30 ml)",AU$40.64,12,4.7/5 - 3 Reviews
"Derma E, Skin Beneficial Mist, Uplift, 1 fl oz (30 ml)",AU$20.71,2,4.6/5 - 7 Reviews
"Whamisa, Organic Flowers, Lotion, Double Rich, 5 fl oz (150 ml)",AU$65.35,35,3.3/5 - 3 Reviews
"Hanskin, Real Complexion, Hyaluron Moisture Cream, 1.69 fl oz (50 ml)",AU$47.82,,4.5/5 - 2 Reviews
"Mizon, Water Volume EX, 5.07 fl oz (150 ml)",AU$19.59,,4.8/5 - 17 Reviews
"Admire My Skin, Citrus Glow Drops, 1 fl oz (30 ml)",AU$35.07,2,4.8/5 - 24 Reviews
"Scinic, The Simple Daily Lotion, pH 5.5, 4.9 fl oz (145 ml)",AU$21.84,3,3/5 - 3 Reviews
"Rootree, Mobitherapy Hydro Intensive Mist, 3.38 fl oz (100 ml)",AU$16.74,23,3/5 - 1 Reviews
"Andalou Naturals, CannaCell, D. Puff Eye Cream, 0.6 fl oz (18 ml)",AU$31.86,6,4/5 - 7 Reviews
"As I Am, Pure Oils, Virgin Jamaican Black Castor Oil, 4 fl oz (118 ml)",AU$19.89,1,4.8/5 - 37 Reviews
"Pacifica, Glow Baby, VitaGlow Face Lotion, 1.7 fl oz (50 ml)",AU$23.91,4,4.6/5 - 27 Reviews
"Yes To, Vitamin C Nourishing Moisturizer, Grapefruit, 1.7 fl oz (50 ml)",AU$20.70,1,4.1/5 - 32 Reviews
"Farmstay, Collagen Water Full Moist Eye Cream, 1.69 fl oz (50 ml)",AU$11.90,,4.2/5 - 8 Reviews
"Biorace, L'eau Hydrating Concentrate Cream, 1.69 fl oz (50 ml)",AU$25.14,43,3.6/5 - 5 Reviews
"The Plant Base, Nature Solution, Blending Moisture Cream, 1.76 oz (50 g)",AU$19.32,54,4.3/5 - 662 Reviews
"Cococare, Hydrating Facial Mist, Cucumber, 4 fl oz (118 ml)",AU$9.82,14,4.4/5 - 134 Reviews
"Pixi Beauty, Skintreats, Dreamy-Mist, Jasmine & Lavender, 2.7 fl oz (80 ml)",AU$23.91,7,4.4/5 - 37 Reviews
"ReserveAge Nutrition, Beauty Illuminating Eye Cream, 0.5 oz (15 ml)",AU$101.98,1,4.6/5 - 139 Reviews
"Elizavecca, Milky Piggy, Real White Time Milk Cream, 3.53 oz (100 g)",AU$17.09,84,4.7/5 - 45 Reviews
"Supermood, Egoboost, The Perfect Day Cream,  1 fl oz (30 ml)",AU$28.69,24,4.2/5 - 111 Reviews
"Duft & Doft, Salmon Vgene, Hydro Active Cream, 1.8 fl oz (50 ml)",AU$24.26,36,3.7/5 - 7 Reviews
"UpCircle, Face Moisturiser with Argan Powder, 50 ml",AU$38.25,2,5/5 - 6 Reviews
"I Dew Care, Say You Dew, Moisturizing Vitamin C Gel + Cream, 1.69 fl oz (50 ml)",AU$45.90,3,4.3/5 - 7 Reviews
"Hanskin, Pore Cleansing Oil, AHA, 10.14 fl oz (300 ml)",AU$43.03,7,4.1/5 - 9 Reviews
"Garnier, SkinActive, Balancing Facial Mist with Green Tea, 4.4 fl oz (130 ml)",AU$15.71,3,4.6/5 - 8 Reviews
"Leaders, Mediu, AC S.O.S Kit, 1 Kit",AU$34.42,2,4.6/5 - 255 Reviews
"Dr. Oracle, 21;Stay, A-Thera Cream, 1.69 fl oz (50 ml)",AU$25.82,17,4.6/5 - 135 Reviews
"O'o Hawaii, Soar, Age Delay, Moisturizer + Finishing Polish, 1.7 oz (50 g)",AU$87.66,24,4.6/5 - 31 Reviews
"Yes To, Daily Balancing Moisturizer, Tomatoes, 1.7 fl oz (50 ml)",AU$23.10,3,3/5 - 3 Reviews
"Artnaturals, Luxe, Neck Cream, Anti-Aging Geranium, 2 fl oz (59 ml)",AU$31.86,1,4.4/5 - 9 Reviews
"Esfolio, Avocado Jelly Pack, 3.53 oz (100 g)",AU$16.90,,4.3/5 - 29 Reviews
"Weleda, Clarifying, S.O.S. Gel, 0.34 fl oz (10 ml)",AU$39.24,7,4.6/5 - 23 Reviews
"I Woke Up Like This, Purifying, Skin Balance Cream, 1.69 fl oz (50 ml)",AU$38.73,37,4.7/5 - 6 Reviews
"Yadah, All Day Collagen Ampoule, 5.07 fl oz (50 ml)",AU$21.80,27,4.5/5 - 22 Reviews
"Trilane, Rejuvenating Eye Cream, 0.5 fl. oz (15 ml)",AU$39.83,32,4.5/5 - 27 Reviews
"Beplain, Chamomile pH-Balanced Lotion, 5.07 fl oz (150 ml)",AU$33.46,8,4.5/5 - 19 Reviews
"Indie Lee, I-Waken Eye Serum, 0.5 fl oz (15 ml)",AU$38.25,5,4.3/5 - 6 Reviews
"Alba Botanica, Hawaiian Oil Free Moisturizer, Refining Aloe & Green Tea, 3 oz (85 g)",AU$24.20,662,5/5 - 6 Reviews
"Source Naturals, Skin Eternal, Sensitive Skin Cream, 4 oz (113.4 g)",AU$39.74,134,4/5 - 2 Reviews
"Garnier, SkinActive, Soothing Facial Mist with Rose Water, 4.4 fl oz (130 ml)",AU$16.17,37,4/5 - 1 Reviews
"L'Oreal, Men Expert Anti-Wrinkle & Firming, Vita Lift Daily Moisturizer, SPF 15, 1.6 fl oz (48 ml)",AU$21.31,139,4.6/5 - 16 Reviews
"Embryolisse, Filaderme Emulsion, Nourishing Repair Care, 2.54 fl oz (75 ml)",AU$44.63,45,4.7/5 - 71 Reviews
"Alba Botanica, Even & Bright Renewing Cream with Swiss Alpine Complex, 2 oz (57 g)",AU$22.31,111,4.2/5 - 55 Reviews
"Indie Lee, Active Oil Free Moisturizer, 1.7 fl oz (50 ml)",AU$61.21,7,4/5 - 9 Reviews
"Skinfood, Avocado Rich Emulsion, 5.41 fl oz (160ml)",AU$35.07,6,4.8/5 - 17 Reviews
"Derma E, Skin Beneficial Mist, Create, 1 fl oz (30 ml)",AU$20.71,7,4.5/5 - 6 Reviews
"Derma E, Skin Beneficial Mist, Calm, 1 fl oz (30 ml)",AU$20.71,9,4.6/5 - 5 Reviews
"Purlisse, Watermelon, Energizing Aqua Balm, 1.7 fl oz (50 ml)",AU$36.72,8,3.8/5 - 20 Reviews
"PrescriptSkin, Glycolic Trial Set, 3 Jars, 0.18 oz (5 g) Each",AU$13.39,255,4.1/5 - 15 Reviews
"PrescriptSkin, Vitamin C Trial Set, 3 Jars, 0.18 oz (5 g) Each",AU$13.39,135,3.7/5 - 3 Reviews
"Heritage Store, Aura Glow Gel Cream, Clarifying Lemon,  1.7 oz (50 g)",AU$30.27,31,4.6/5 - 13686 Reviews
"Hanskin, Real Complexion, Hyaluron Eye Serum, 0.84 fl oz (25 ml)",AU$51.00,,4.1/5 - 422 Reviews
"Garnier, Green Labs, Pore Perfecting Serum Cream, Canna-B, with Vitamin-B3 + Cannabis Sativa Seed Oil,  2.4 fl oz (72 ml)",AU$38.38,3,4.5/5 - 422 Reviews
"Garnier, Green Labs, Replumping Serum Cream, Hyalu-Melon with Hyaluronic Acid + Watermelon, SPF 30, 2.4 fl oz (72 ml)",AU$38.38,9,4.4/5 - 5490 Reviews
"Asutra, Refresh Face Oil, 1 fl oz (30 ml)",AU$28.69,29,4.4/5 - 320 Reviews
"Asutra, Restore Face Oil, 1 fl oz (30 ml)",AU$30.30,23,4/5 - 1029 Reviews
"VT X BTS, Born Natural, Watering Fit Cream Fluid, 4.05 fl oz (120 ml)",AU$34.09,6,4.4/5 - 956 Reviews
"Rootree, Camphorganic Returning Essence, 1.69 fl oz (50 ml)",AU$36.82,22,4.6/5 - 1753 Reviews
"Bondi Chic, Four Seasons, Envi Hydrating Moisturiser, Night Cream, 1.7 fl oz (50 ml)",AU$50.49,27,4.5/5 - 1526 Reviews
"O'o Hawaii, Birdsong, Eye Remedy, 0.5 oz (15 g)",AU$103.60,19,4.6/5 - 1936 Reviews
"O'o Hawaii, Brilliant Feather, Beauty Balm, 1.7 oz (50 g)",AU$103.60,6,4.4/5 - 3151 Reviews
"Andalou Naturals, CannaCell, Beauty Oil, 1 fl oz (30 ml)",AU$33.46,6,4.5/5 - 290 Reviews
"Lilyana Naturals, Super C Face Cream, 1.7 oz (48 g)",AU$41.44,,4.3/5 - 745 Reviews
"Yes To, Daily Gentle Moisturizer, Cucumbers, 1.7 fl oz (50 ml)",AU$23.10,,4.4/5 - 13798 Reviews
"Yes To, Detoxifying Overnight Moisturizer, Acne Treatment, Tomatoes, 1.7 fl oz (50 ml)",AU$23.10,2,4.5/5 - 356 Reviews
"Lumin, Recovery Roll on Oil, 0.27 oz (8 ml)",AU$31.50,,4.6/5 - 55 Reviews
"Lumin, Touchless Hydration Face Mist, 1 oz (30 ml)",AU$19.89,1,4.4/5 - 688 Reviews
"Artnaturals, Rejuvenating Jojoba Oil Moisturizer, Scent Free, 1.7 fl oz (50 ml)",AU$30.27,,4.4/5 - 169 Reviews
"Artnaturals, Eye Cream, Rejuvenating Jojoba Oil, 1.7 fl oz (50 ml)",AU$31.86,,4.6/5 - 554 Reviews
"As I Am, Pure Oils, Extra Virgin Olive Oil, 8 fl oz (237 ml)",AU$20.70,,4.4/5 - 132 Reviews
"Embryolisse, Hydra-Cream with Orange Extract, Energizing Moisturizer, 1.69 fl oz (50 ml)",AU$44.63,,4.5/5 - 411 Reviews
"I'm From, Vitamin Tree Water Gel, 2.64 oz (75 g)",AU$35.70,,4.6/5 - 243 Reviews
"Avalon Organics, Vitamin C, Gel Cream Moisturizer, 1.7 oz (48 g)",AU$39.76,,4.3/5 - 273 Reviews
"theBalm Cosmetics, Anne T. Dotes, Tinted Moisturizer, #10, 1 fl oz (30 ml)",AU$38.25,,4.6/5 - 117 Reviews
"theBalm Cosmetics, Anne T. Dotes, Tinted Moisturizer, #14, 1 fl oz (30 ml)",AU$38.25,,4.6/5 - 768 Reviews
"theBalm Cosmetics, Anne T. Dotes, Tinted Moisturizer, #18, 1 fl oz (30 ml)",AU$38.25,,4.6/5 - 13686 Reviews
"theBalm Cosmetics, Anne T. Dotes, Tinted Moisturizer, #22, 1 fl oz (30 ml)",AU$38.25,,4.4/5 - 1118 Reviews
"theBalm Cosmetics, Anne T. Dotes, Tinted Moisturizer, #26, 1 fl oz (30 ml)",AU$38.25,,4.2/5 - 44 Reviews
"theBalm Cosmetics, Anne T. Dotes, Tinted Moisturizer, #30, 1 fl oz (30 ml)",AU$38.25,,4.5/5 - 75 Reviews
"Farmstay, Collagen Water Full Moist Cream, 3.52 oz (100 g)",AU$17.47,,4.2/5 - 72 Reviews
"Farmstay, Dr. V8 Solution Caviar Cream, 1.69 fl oz (50 ml)",AU$17.47,,4.7/5 - 100 Reviews
"Farmstay, Dr. V8 Solution Hyaluronic Acid Cream, 50 ml",AU$17.47,,4.3/5 - 67 Reviews
"Farmstay, Dr. V8 Solution Collagen Cream, 50 ml",AU$17.47,,4/5 - 17 Reviews
"Farmstay, Dr. V8 Solution Snail Cream, 1.69 fl oz (50 ml)",AU$17.47,,4.7/5 - 47 Reviews
"Farmstay, Dr. V8 Solution Vitamin Cream, 50 ml",AU$17.47,,4.6/5 - 685 Reviews
"Reviva Labs, Calming Rejuvenation Creme, 2 oz (55 g)",AU$50.21,,4.7/5 - 1274 Reviews
"Weleda, Skin Revitalizing Concentrate, 1 fl oz (30 ml)",AU$52.98,16,4.2/5 - 412 Reviews
"Pyunkang Yul, ATO Nourishing Baby Oil, 6.42 fl oz (190 ml)",AU$18.33,71,4.3/5 - 240 Reviews
"The Skin House, Pore Control Powder Emulsion, 130 ml",AU$18.36,55,4.4/5 - 875 Reviews
"Oh K!, Chok Chok, Glowing Moisturiser, 2.36 fl oz (70 ml)",AU$23.91,9,4.5/5 - 266 Reviews
"RE:P, Nutrinature Ultra, All In One Multitem, 3.38 fl oz (100 ml)",AU$46.03,17,4.5/5 - 723 Reviews
"Steambase, Roseherb Build Up Emulsion, 150 ml",AU$19.65,6,4.6/5 - 318 Reviews
"Trilane, Intensive Repair, 1 fl. oz (30 ml)",AU$47.81,5,4.5/5 - 355 Reviews
"Pixi Beauty, Skintreats, pHenomenal Gel, Neutralizing Moisturizer, 1.7 fl oz (50 ml)",AU$38.25,20,4.6/5 - 429 Reviews
"Pixi Beauty, Skintreats, Hydrating Milky Lotion, Face & Body Moisturizer, 4.57 fl oz (135 ml)",AU$38.25,15,4.4/5 - 100 Reviews
"Petitfee, Beautifying Glow On Hydrator with Evening Primrose Oil, 50 ml",AU$18.07,3,4.3/5 - 129 Reviews
"ReserveAge Nutrition, Beauty Firming Neck Cream, 1.7 oz (50 ml)",AU$91.78,,4.6/5 - 1672 Reviews
"Now Foods, Solutions, Grapeseed Oil, 16 fl oz (473 ml)",AU$13.16,13686,4.7/5 - 276 Reviews
"Home Health, Goji Berry Eye Cream, 1 oz (28 g)",AU$21.18,422,4.8/5 - 839 Reviews
"Reviva Labs, Alpha Lipoic Acid, Vitamin C Ester & DMAE Cream, 2 oz (55 g)",AU$33.47,422,4.4/5 - 244 Reviews
"Derma E, Firming DMAE Moisturizer, 2 oz (56 g)",AU$22.89,5490,4.1/5 - 23 Reviews
"Source Naturals, Skin Eternal DMAE Cream, 2 oz (56.7 g)",AU$23.64,320,4.3/5 - 123 Reviews
"Now Foods, Solutions, 2 in 1 Correcting Eye Cream, 1 fl oz (30 ml)",AU$21.56,1029,4.3/5 - 1316 Reviews
"Reviva Labs, Elastin + DMAE Night Creme, 1.5 oz (42 g)",AU$21.52,956,4.3/5 - 407 Reviews
"Palmer's, Cocoa Butter Formula, Moisture Rich Night Cream, 2.7 oz (75 g)",AU$14.79,1753,4.4/5 - 10697 Reviews
"Palmer's, Cocoa Butter Formula, Skin Perfecting, Moisturizing Day Cream, SPF 15 Broad Spectrum, 2.7 oz (75 ml)",AU$14.57,1526,4.3/5 - 1013 Reviews
"Cosrx, Advanced Snail 92, All in One Cream, 100 ml",AU$27.80,1936,4.6/5 - 1523 Reviews
"Elizavecca, Gold CF-Nest-B-Jo Eye Want Cream, 100 ml",AU$15.52,3151,4.5/5 - 2335 Reviews
"The Saem, Iceland, Hydrating Soothing Gel, 10.14 fl oz (300 ml)",AU$9.34,290,4.4/5 - 1964 Reviews
"Benton, Snail Bee, High Content Lotion, 120 ml",AU$20.08,745,4.4/5 - 8737 Reviews
"De La Cruz, Vitamin E Cream, 10,000 IU, 4 oz (114 g)",AU$9.42,13798,4.4/5 - 8737 Reviews
"De La Cruz, Aloe Vera Cream, 4 oz (114 g)",AU$6.85,356,4.2/5 - 151 Reviews
"De La Cruz, Avocado Oil, 2 fl oz (59 ml)",AU$4.83,55,4.5/5 - 250 Reviews
"Jeffrey James Botanicals, The Creme, All Day & All Night, 2.0 oz (59 ml)",AU$51.39,688,4.8/5 - 2224 Reviews
"Heritage Store, Rose Castor Oil Serum, 2 fl oz (60 ml)",AU$16.23,169,4.7/5 - 184 Reviews
"Cosrx, Hyaluronic Acid Hydra Power Essence, 3.38 fl. oz (100 ml)",AU$29.25,554,4.6/5 - 209 Reviews
"Aveeno, Absolutely Ageless, Restorative Night Cream, 1.7 oz (48 g)",AU$36.85,132,4.2/5 - 34 Reviews
"Neutrogena, Healthy Skin, Anti-Wrinkle Cream, Night, 1.4 oz (40 g)",AU$26.86,411,4.1/5 - 51 Reviews
"Neutrogena, Anti-Wrinkle Deep Wrinkle Night Moisturizer, Night, 1.4 oz (39 g)",AU$36.31,243,4.2/5 - 1159 Reviews
"Neutrogena, Visibly Even, Daily Moisturizer with Sunscreen, SPF 30, 1.7 fl oz (50 ml)",AU$28.92,273,4.5/5 - 695 Reviews
"Neutrogena, Rapid Wrinkle Repair, Moisturizer SPF 30, 1 fl oz (29 ml)",AU$39.40,117,4.9/5 - 43 Reviews
"Desert Essence, Moringa, Jojoba & Rose Hip Oil, 2 fl oz (60 ml)",AU$17.84,768,4.7/5 - 61 Reviews
"Now Foods, Solutions, Grapeseed Oil, 4 fl oz (118 ml)",AU$4.98,13686,4.8/5 - 410 Reviews
"Cetaphil, Hydrating Eye Gel-Cream with Hyaluronic Acid, 0.5 fl oz (14 ml)",AU$31.19,1118,4.4/5 - 5955 Reviews
"Olay, Eyes, Ultimate Eye Cream, 0.4 fl oz (13 ml)",AU$48.00,44,4.5/5 - 1064 Reviews
"L'Oreal, Men Expert, Vita Lift, Daily Moisturizer, Anti-Wrinkle & Firming, 1.6 fl oz (48 ml)",AU$21.32,75,4.6/5 - 2359 Reviews
"L'Oreal, Eye Defense Eye Cream, 0.5 fl oz (14 g)",AU$28.03,72,4.6/5 - 2359 Reviews
"Innisfree, Jeju Orchid Intense Cream, 1.69 fl oz (50 ml)",AU$46.24,100,4.8/5 - 3230 Reviews
"Innisfree, Jeju Orchid Enriched Cream, 1.69 fl oz (50 ml)",AU$43.00,67,4.7/5 - 444 Reviews
"Garnier, SkinActive, Refreshing Facial Cleanser with  Aloe Juice, 6.7 fl oz (200 ml)",AU$16.17,17,4.6/5 - 533 Reviews
"Trilogy, Eye Contour Cream, .67 fl oz (20 ml)",AU$62.32,47,4.6/5 - 191 Reviews
"Elizavecca, Gold CF-Nest, White Bomb Eye Cream, 1.01 fl oz (30 ml)",AU$13.99,685,4.4/5 - 49 Reviews
"Dear, Klairs, Rich Moist Soothing Cream, 2 oz (60 ml)",AU$35.07,1274,4.7/5 - 155 Reviews
"Neutrogena, Oil Free Moisture, Facial Moisturizer with UVA/UVB Protection, Broad Spectrum SPF 35, 2.5 fl oz (73 ml)",AU$21.50,412,4.2/5 - 17 Reviews
"Neutrogena, Healthy Defense, Daily Moisturizer with Sunscreen, Broad Spectrum SPF 50, Sensitive Skin, 1.7 fl oz (50 ml)",AU$24.42,240,4.7/5 - 373 Reviews
"Neutrogena, Oil Free Moisture, Ultra-Gentle Facial Moisturizer, Sensitive Skin, 4 fl oz (118 ml)",AU$21.50,875,4.7/5 - 468 Reviews
"Neutrogena, Rapid Wrinkle Repair, Eye Cream, 0.5 fl oz (14 ml)",AU$39.40,266,4.7/5 - 649 Reviews
"Advanced Clinicals, Tea Tree Oil, 1.8 fl oz (53 ml)",AU$17.45,723,4.7/5 - 371 Reviews
"Heimish, Bulgarian Rose Satin Cream, 55 ml",AU$30.13,318,4.7/5 - 523 Reviews
"E.L.F., Holy Hydration! Face Cream, 1.8 oz (50 g)",AU$24.66,355,4.7/5 - 3726 Reviews
"Elizavecca, Milky Piggy EGF Elastic Retinol Cream, 3.53 oz (100 g)",AU$24.16,429,4.6/5 - 281 Reviews
"Pure Body Naturals, Retinol Moisturizer, Age & Wrinkle Defying Cream, 1.7 fl oz (50 ml)",AU$30.20,100,4.5/5 - 34 Reviews
"Pacifica, Beauty Sleep Undereye Gel, 0.37 fl oz (11 ml)",AU$22.31,129,4.8/5 - 484 Reviews
"Sierra Bees, Honey Almond Body Butter, 4 fl oz (120 ml)",AU$9.56,1672,4.5/5 - 246 Reviews
"It's Skin, Green Tea, Watery Cream, 50 ml",AU$14.81,276,4.5/5 - 35 Reviews
"NutriBiotic, Peptide Face Creme, Ultra-Hydrating, 2 oz (57 g)",AU$29.82,839,4.4/5 - 493 Reviews
"Life-flo, Vitamin B-12 Cream, 4 oz (113.4 g)",AU$21.50,244,4.8/5 - 452 Reviews
"Aveeno, Ultra-Calming, Daily Moisturizer Sunscreen, SPF 15, 4 fl oz (120 ml)",AU$26.03,23,4.5/5 - 355 Reviews
"Weleda, Awakening Eye Cream, Pomegranate Extracts, 0.34 fl oz (10 ml)",AU$46.11,123,4.7/5 - 96 Reviews
"Cococare, Vitamin E Cream, 12,000 IU, 4 oz (110 g)",AU$8.26,1316,4.8/5 - 57 Reviews
"Life-flo, Pure Sea Buckthorn Oil, 1 fl oz (30 ml)",AU$22.86,407,4.9/5 - 78 Reviews
"Cococare, 100% Natural Moroccan Argan Oil, 2 fl oz (60 ml)",AU$8.93,10697,4.6/5 - 1354 Reviews
"Alaffia, Everyday Coconut, Face Cream, Purely Coconut, 12 fl oz (354 ml)",AU$15.13,1013,4.7/5 - 147 Reviews
"Azelique, Age Refining Day Lotion, with Azelaic Acid, Hydrating and Cruelty-Free, No Parabens, No Sulfates, 1.7 fl oz (50 ml)",AU$30.28,1523,4.7/5 - 35 Reviews
"Azelique, Age Refining Night Cream, with Azelaic Acid, Moisturizing and Hydrating, No Parabens, No Sulfates, 1.7 fl oz (50 ml)",AU$31.88,2335,4.5/5 - 31 Reviews
"Azelique, Age Refining Eye Treatment, with Azelaic Acid, Rejuvenating and Hydrating, No Parabens, No Sulfates, 0.5 fl oz (15 ml)",AU$31.88,1964,4.7/5 - 296 Reviews
"Eucerin, Daily Protection Face Lotion & Sunscreen, SPF 30, Fragrance Free, 4 fl oz (118 ml)",AU$12.40,8737,4.7/5 - 16 Reviews
"Eucerin, Daily Protection Face Lotion & Sunscreen, SPF 30, Fragrance Free, 4 fl oz (118 ml)",AU$12.40,8737,4.7/5 - 29 Reviews
"Weleda, Renewing Eye Cream, Wild Rose Extracts, 0.34 fl oz (10 ml)",AU$48.17,151,4.9/5 - 34 Reviews
"Andalou Naturals, Coconut Water, Visibly Firm Day Cream, Quenching, 1.7 fl oz (50 g)",AU$43.02,250,4.9/5 - 19 Reviews
"Holika Holika, Fresh Moisturizing Soothing Gel, Aloe 99%, 8.45 fl oz (250 ml)",AU$10.15,2224,4.8/5 - 146 Reviews
"Huxley, Secret of Sahara, Anti-Gravity Cream, 1.69 fl oz (50 ml)",AU$36.82,184,4.7/5 - 42 Reviews
"Huxley, Secret of Sahara, Oil Essence, 1.01 fl oz (30 ml)",AU$38.36,209,4.2/5 - 8 Reviews
"Weleda, Sheer Hydration Eye Gel, 0.34 fl oz (10 ml)",AU$34.25,34,4.6/5 - 25 Reviews
"Now Foods, Solutions, Soothing Rose Facial Cleansing Oil, 4 fl oz (118 ml)",AU$17.96,51,4.3/5 - 4224 Reviews
"Clean & Clear, Dual Action Moisturizer, Salicylic Acid Acne Medication, 4 fl oz (118 ml)",AU$11.73,1159,4.7/5 - 259 Reviews
"Sukin, Hydrating Day Cream, Rosehip, 4.06 fl oz (120 ml)",AU$28.67,695,4.6/5 - 33 Reviews
"Laneige, Water Bank, Hydro Cream EX, 1.6 fl oz (50 ml)",AU$52.71,43,4.6/5 - 403 Reviews
"Laneige, Water Bank, Moisture Cream EX, 50 ml",AU$52.71,61,4.7/5 - 453 Reviews
"Cosrx, Balancium, Comfort Ceramide Cream, 2.82 oz (80 g)",AU$38.07,410,4.6/5 - 162 Reviews
"Yeouth, Retinol Eye Cream, 2 fl oz (60 ml)",AU$47.74,5955,4.8/5 - 64 Reviews
"Frudia, Citrus Brightening Cream, 0.35 oz (10 g)",AU$3.83,1064,4.8/5 - 57 Reviews
"Frudia, Blueberry Hydrating Cream, 1.94 oz (55 g)",AU$28.89,2359,4.8/5 - 39 Reviews
"Frudia, Blueberry Hydrating Cream, 0.35 oz (10 g)",AU$3.83,2359,4.9/5 - 150 Reviews
"Promotional Products, iHerb Beauty Bag, 7 Piece Set",AU$15.94,3230,4.6/5 - 28 Reviews
"It's Skin, Collagen, Nutrition Cream, 50 ml",AU$15.14,444,4.4/5 - 139 Reviews
"It's Skin, Collagen, Nutrition Eye Cream, 25 ml",AU$15.14,533,4.9/5 - 15 Reviews
"Neutrogena, Rapid Wrinkle Repair, Retinol Oil, 1 fl oz (30 ml)",AU$47.07,191,5/5 - 2 Reviews
"Neutrogena, Bright Boost, Gel Cream, 1.7 fl oz (50 ml)",AU$31.86,49,4.6/5 - 118 Reviews
"Banila Co., Dear Hydration Skin Care Starter Kit, 4 Piece Kit",AU$30.89,155,5/5 - 2 Reviews
"Wow Skin Science, 10 in 1 Miracle Apple Cider Vinegar, Mist Tonic, 6.8 fl oz (200 ml)",AU$23.83,17,5/5 - 2 Reviews
"Purito, Galacto Niacin 97 Power Essence, 2 fl oz (60 ml)",AU$27.32,373,4.8/5 - 12 Reviews
"Purito, Fermented Complex 94 Boosting Essence, 5.07 fl oz (150 ml)",AU$27.32,468,5/5 - 33 Reviews
"Purito, Centella Green Level Eye Cream, 1 fl oz (30 ml)",AU$18.20,649,4.9/5 - 36 Reviews
"Purito, Deep Sea Pure Water Cream, 1.7 fl oz (50 g)",AU$24.71,371,4.8/5 - 4 Reviews
"Purito, Centella Green Level Recovery Cream, 1.7 fl oz (50 ml)",AU$25.50,523,4.6/5 - 17 Reviews
"Eucerin, Q10 Anti-Wrinkle + Pro-Retinol Night Cream, 1.7 fl oz (48 g)",AU$16.45,3726,4.6/5 - 11 Reviews
"Farmstay, It's Real Collagen Gel Mist, 120 ml",AU$6.21,281,4.5/5 - 6 Reviews
"Neutrogena, Rapid Tone Repair, Correcting Cream, 1.7 oz (48 g)",AU$41.87,34,4.6/5 - 9 Reviews
"Aveeno, Calm + Restore, Oat Gel Moisturizer, Fragrance Free, 1.7 oz (48 g)",AU$28.64,484,4.5/5 - 169 Reviews
"Aveeno, Daily Moisturizing Oil Mist, Oat Oil + Jojoba Oil, 6.7 fl oz (200 ml)",AU$13.48,246,4.4/5 - 5348 Reviews
"Neutrogena, Bright Boost, Overnight Recovery Gel Cream, 1.7 fl oz (50 ml)",AU$31.83,35,4.6/5 - 65 Reviews
"Differin, Oil Absorbing Moisturizer with Sunscreen, SPF 30, 4 fl oz (118 ml)",AU$20.78,493,4.7/5 - 3448 Reviews
"Ceramedx, Soothing Facial Lotion, Fragrance Free, 4 fl oz (118 ml)",AU$25.49,452,4.7/5 - 259 Reviews
"RoC, Retinol Correxion, Deep Wrinkle Night Cream, 1 fl oz (30 ml) ",AU$39.45,355,4.6/5 - 560 Reviews
"iUNIK, Propolis Vitamin Sleeping Mask, 60 ml",AU$20.40,96,4.5/5 - 507 Reviews
"SKIN1004, Madagascar Centella Ampoule, 1.85 fl oz (55 ml)",AU$18.97,57,4.3/5 - 165 Reviews
"Mizon, Peptide Ampoule Cream, 1.69 fl oz (50 ml)",AU$17.81,78,4.5/5 - 1062 Reviews
"Elizavecca, Hyaluronic Acid Pure 100, 6.76 fl oz (200 ml)",AU$35.07,1354,4.5/5 - 1348 Reviews
"Bag Balm, Skin Moisturizer, Hand & Body, For Dry Skin, 8 oz",AU$14.33,147,4/5 - 56 Reviews
"Admire My Skin, Intense Hydration Collagen Cream, 2 fl oz (60 ml)",AU$35.07,35,4.6/5 - 322 Reviews
"Admire My Skin, Clinically Effective Retinoid Cream, 1.52 fl oz (45 ml)",AU$36.72,31,4.9/5 - 368 Reviews
"Heimish, All Clean Mini Kit, 7 Piece Kit",AU$17.85,296,4.6/5 - 64 Reviews
"Heimish, Watermelon Moisture Soothing Gel Cream, 110 ml",AU$30.04,16,4.7/5 - 114 Reviews
"Farmstay, Black Pearl, All-In-One Ampoule, 8.45 fl oz (250 ml)",AU$14.60,29,4.5/5 - 2638 Reviews
"It's Skin, Hyaluronic Acid, Moisture Cream, 50 ml",AU$18.33,34,4.4/5 - 1959 Reviews
"It's Skin, Hyaluronic Acid, Moisture Emulsion, 150 ml",AU$16.58,19,4.1/5 - 1386 Reviews
"Pyunkang Yul, Black Tea Time Reverse Eye Cream, 0.85 fl oz (25 ml)",AU$40.17,146,4.5/5 - 153 Reviews
"I'm From, Rice Cream, 1.76 oz (50 g)",AU$36.09,42,4.7/5 - 30 Reviews
"Innisfree, Aloe Revital Skin Mist, 4.05 fl oz (120 ml)",AU$16.29,8,4.7/5 - 279 Reviews
"Dr. Mercola, Organic Moisturizing Overnight Face Cream, 2 fl oz (59 ml)",AU$54.98,25,4.6/5 - 185 Reviews
"Too Cool for School, Rules of Mastic, IX Cream, 1.76 oz (50 g)",AU$38.16,4224,4.7/5 - 76 Reviews
"Innisfree, Olive Real Power Cream, 1.69 fl oz (50 ml)",AU$33.82,259,4.6/5 - 80 Reviews
"Sekkisei, Herbal Gel, 2.8 oz (79 ml)",AU$63.76,33,4.6/5 - 174 Reviews
"Innisfree, Capsule Recipe Pack, Green Tea, 0.33 fl oz (10 ml)",AU$3.19,403,4.3/5 - 5412 Reviews
"Etude, Soon Jung, 2x Barrier Intensive Cream, 2.02 fl oz (60 ml)",AU$21.95,453,4.4/5 - 11 Reviews
"Etude, Soon Jung, 5-Panthensoside Cica Balm, 1.35 fl oz (40 ml)",AU$24.53,162,4.7/5 - 73 Reviews
"Purito, Sea Buckthorn Vital 70 Cream, 1.7 fl oz (50 ml)",AU$23.72,64,5/5 - 6 Reviews
"Purito, Dermide Cica Barrier Sleeping Pack, 2.70 fl oz (80 ml)",AU$25.82,57,4.6/5 - 14 Reviews
"Purito, Plainet Squalane Oil 100, 1.01 fl oz (30 ml)",AU$18.22,39,4.5/5 - 72 Reviews
"Maryann Organics, Neck Cream, Chest, Neck & Face, Restore & Renew Multi-Action, 1.7 fl oz",AU$36.48,150,4.6/5 - 146 Reviews
"Medix 5.5, Vitamin C + Turmeric, Firming + Brightening Cream, 15 fl oz (444 ml)",AU$23.91,28,4.9/5 - 7 Reviews
"Innisfree, Jeju Cherry Blossom Jelly Cream, 1.69 fl oz (50 ml)",AU$29.98,139,4.5/5 - 328 Reviews
"The Face Shop, Jeju Aloe Fresh Soothing Gel, 10.1 fl oz (300 ml)",AU$9.48,15,4.8/5 - 82 Reviews
"Vanicream, Moisturizing Cream, For Sensitive Skin, Fragrance Free, 2 oz (57 g)",AU$8.07,2,4.4/5 - 571 Reviews
"Vanicream, Daily Facial Moisturizer, For Sensitive Skin, Fragrance Free, 3 fl oz (89 ml)",AU$24.27,118,4.5/5 - 1905 Reviews
"As I Am, Pure Oils, Virgin Black Seed Oil, 2 fl oz (60 ml)",AU$15.30,2,4.7/5 - 6 Reviews
"Illiyoon, Ceramide Ato Soothing Gel, 5.91 fl oz (175 ml)",AU$19.21,2,4.4/5 - 13798 Reviews
"Illiyoon, Ceramide Ato Concentrate Cream, 200 ml",AU$20.34,12,4.3/5 - 98 Reviews
"Sukin, Purely Ageless, Rejuvenating Day Cream, 4.06 fl oz (120 ml)",AU$28.67,33,4.3/5 - 2569 Reviews
"Sukin, Purely Ageless, Restorative Night Cream, 4.06 fl oz (120 ml)",AU$28.67,36,4.4/5 - 724 Reviews
"TruSkin, Peptide Eye Gel, 0.5 fl oz (15 ml)",AU$25.49,4,4.2/5 - 1241 Reviews
"Derma E, Refine, Brighten, Hydrate & Go Kit, 4 Piece Kit",AU$23.89,,4.4/5 - 1814 Reviews
"Derma E, Hydrate & Go Kit, 4 Piece Kit",AU$23.89,,4.3/5 - 897 Reviews
"Derma E, Brighten & Go Kit, 4 Piece Kit",AU$23.89,,4.4/5 - 277 Reviews
"Derma E, Essentials on the Go Kit, 4 Piece Kit",AU$23.89,,4.6/5 - 1140 Reviews
"Advanced Clinicals, Puffy Eye Serum, Professional Correction Serum, 1.75 fl oz (52 ml)",AU$20.64,17,4.3/5 - 311 Reviews
"Cos De BAHA, Centella Gel Cream, 1.5 fl oz (45 ml)",AU$15.92,11,4.1/5 - 569 Reviews
"Cos De BAHA, NZ, Niacinamide 20 Zinc PCA 4, 1 fl oz (30 ml)",AU$20.70,6,4.5/5 - 248 Reviews
"Cos De BAHA, Salicylic Acid BHA 2% Liquid, 4 fl oz (120 ml)",AU$20.70,9,4.6/5 - 158 Reviews
"Neutrogena, Peptide Contour Lift Cream, 1.7 oz (50 g)",AU$53.22,,4.7/5 - 1044 Reviews
"Suntique, I'm 8.8% Dark Spot Solution, 1 fl oz (30 ml)",AU$54.19,,
"Weleda, Sheer Hydration Daily Creme, 0.23 fl oz (7 ml)",AU$4.26,,
"Tree To Tub, Ginseng Green Tea, Retinol Night Cream, 1.7 oz (50 ml)",AU$39.69,,
"Tree To Tub, Ginseng Green Tea, Deep Hydration Face Cream, 1.7 oz (50 ml)",AU$34.43,,
"Tree To Tub, Ginseng Green Tea, Retinol Night Repair Eye Cream, 0.5 oz (15 ml)",AU$39.69,,
"Weleda, Skin Food, Light Nourishing Cream, 1.0 fl oz (30 ml)",AU$24.51,169,
"Some By Mi, AHA.BHA.PHA, 30 Days Miracle Starter Edition, 4 Piece Kit",AU$28.48,5348,
"Innisfree, Jeju Cherry Blossom Lotion, 3.38 fl oz (100 ml)",AU$18.66,65,
"Skin79, Jeju Aloe, Aqua Soothing Gel, Aloe Vera, 10.58 oz (300 g)",AU$8.48,3448,
"Farmstay, Collagen Water Full Moist Rolling Eye Serum, 25 ml",AU$9.12,259,
"Advanced Clinicals, Collagen + Rosewater,  Pump + Glow Facial Mist, 8 fl oz (237 ml)",AU$15.94,560,
"Advanced Clinicals, Vitamin C + Ferulic Acid, Antioxidant Glow Facial Mist, 8 fl oz (237 ml)",AU$15.94,507,
"Now Foods, Solutions, Glutathione Skin Brightener, 2 fl oz (59 ml)",AU$20.36,165,
"Some By Mi, Snail Truecica Miracle Repair Starter Kit, 4 Piece Kit",AU$29.33,1062,
"Some By Mi, Yuja Niacin 30 Days Brightening Starter Kit, 4 Piece Kit",AU$29.33,1348,
"Heimish, Marine Care, Rich Cream, 60 ml",AU$33.18,56,
"Heimish, Marine Care, Eye Cream, 30 ml",AU$31.46,322,
"Atopalm, MLE Cream,  3.4 fl oz (100 ml)",AU$42.88,368,
"Cosrx, Hydrium, Moisture Power Enriched Cream, 1.69 fl oz (50 ml)",AU$39.85,64,
"Cosrx, Full Fit, Propolis Light Cream, 2.19 fl oz (65 ml)",AU$48.79,114,
"Advanced Clinicals, Retinol, Advanced Firming Cream, 16 oz (454 g)",AU$20.64,2638,
"Advanced Clinicals, Vitamin C, Advanced Brightening Cream, 16 oz (454 g)",AU$20.64,1959,
"Secret Key, Snow White Cream, Whitening Cream, 50 g",AU$15.94,1386,
"Claires Korea, Guerisson 9 Complex, Essence, 4.40 oz (130 ml)",AU$19.64,153,
"Dr. Belmeur, Advanced, Cica Recovery Cream, 1.69 fl oz (50 ml)",AU$51.00,30,
"Advanced Clinicals, Encapsulated Retinol, Rapid Wrinkle Rewind Cream, 2 fl oz (59 ml)",AU$20.64,279,
"Advanced Clinicals, Plant-Based Collagen, Multi-Lift Moisturizer, 2 fl oz (59 ml)",AU$20.64,185,
"Advanced Clinicals, Hyaluronic, Extra Dry Skin Gel Cream, 2 fl oz (59 ml)",AU$20.64,76,
"Jergens, Weightless Wet Skin Moisturizer, Coconut Oil, 10 fl oz (295 ml)",AU$12.83,80,
"Mamonde, Rose Water Soothing Gel, 300 ml",AU$13.69,174,
"Cococare, Vitamin E Moisturizing Cream, 4 oz (110 g)",AU$3.19,5412,
"Cococare, Rose Oil,  1 fl oz (30 ml)",AU$9.82,11,
"Beauty of Joseon, Dynasty Cream, 1.69 fl oz (50 ml)",AU$33.03,73,
"A'Pieu, Madecassoside Cream 2x, 1.69 fl oz (50 ml)",AU$16.75,6,
"A'Pieu, Madecassoside Cica Gel, 1.69 fl oz (50 ml)",AU$17.41,14,
"Neutrogena, Hydro Boost Hyaluronic Acid Moisturizer With Sunscreen, SPF 50, Fragrance-Free, 1.7 fl oz  (50 ml)",AU$28.64,,
"Neutrogena, Invisible Daily Defense Sunscreen Lotion, SPF 30, 3 fl oz (88 ml)",AU$18.84,,
"Neutrogena, Peptide Multi Action Eye Cream, 0.5 oz (15 g)",AU$47.77,,
"Palmer's, Skin Success With Vitamin E, Anti-Dark Spot Face Cream, 2.7 oz (75 g)",AU$11.08,72,
"It's Skin, Green Tea, Watery Emulsion, 150 ml",AU$12.46,146,
"Illiyoon, Probiotics Redness Relief Essence Drop, 6.76 fl oz (200 ml)",AU$26.75,7,
"Some By Mi, Yuja Niacin, Brightening Moisture Gel Cream, 3.38 oz (100 ml)",AU$20.91,328,
"Missha, Time Revolution, Artemisia Treatment Essence Mist, 4.05 fl oz (120 ml)",AU$34.99,82,
"Mason Natural, Vitamin E Skin Cream, 2 oz (57 g)",AU$6.81,571,
"Now Foods, Solutions, Rosewater Rejuvenating Spray, 4 fl oz (118 ml)",AU$8.37,1905,
"Illiyoon, Ceramide Ato Lotion, 350 ml",AU$18.65,6,
"De La Cruz, Vitamin E Cream, 0.42 oz (12 g)",AU$2.79,13798,
"Palmer's, Skin Success with Vitamin E, Anti-Dark Spot Fade Cream, Night, 2.7 oz (75 g)",AU$11.08,98,
"Jason Natural, Age Renewal Vitamin E Moisturizing Creme, 25,000 IU, 4 oz (113 g)",AU$23.05,2569,
"Jason Natural, C Effects, Cr√®me, 2 oz (57 g)",AU$24.20,724,
"Home Health, Hyaluronic Acid Moisturizing Cream, Fragrance Free, 4 oz (113 g)",AU$25.41,1241,
"Derma E, Anti-Wrinkle Renewal Cream, 4 oz (113 g)",AU$18.27,1814,
"Avalon Organics, Eye Cream, Intense Defense with Vitamin C, 1 oz (29 g)",AU$36.13,897,
"Aveeno, Active Naturals, Positively Radiant, Daily Moisturizer, SPF 30, 2.5 fl oz (75 ml)",AU$28.77,277,
"Derma E, Anti-Wrinkle Treatment Oil, 2 fl oz (60 ml)",AU$19.28,1140,
"Life-flo, Retinol Eye Cream with Ferulic Acid, 1.7 fl oz (50 ml)",AU$28.65,311,
"Himalaya, Under Eye Cream, 0.51 fl oz (15 ml)",AU$18.13,569,
"Jeffrey James Botanicals, The Eye Cream, Brighten Lighten Refresh, 1.0 oz (29 ml)",AU$43.86,248,
"Life-flo, Pure Marula Oil, 1 fl oz (30 ml)",AU$18.53,158,
"Life-flo, Pure Olive Squalane Oil, 2 fl oz (60 ml)",AU$25.86,1044,
"Neutrogena, Invisible Daily Defense Sunscreen Lotion, SPF 30, 3 fl oz (88 ml)",AU$18.84,,
"Neutrogena, Peptide Multi Action Eye Cream, 0.5 oz (15 g)",AU$47.77,,